Vendor,Buyer,Material Number,Plant,Doc Number,Item,Total Ordered,Total Received,Unit,Outstand Qty,Stat Date,Qual,S/P,Stat,Pull
13469 ,I23,3902113-01 ,0001,FORECAST ,000000, 98.000 , 0.000 ,EA , 2.000 ,2009/10/01,M,P,I,
13469 ,I23,3902113-01 ,0001,FORECAST ,000000, 98.000 , 0.000 ,EA , 2.000 ,2009/11/01,M,P,I,
13469 ,I23,3902113-01 ,0001,FORECAST ,000000, 98.000 , 0.000 ,EA , 2.000 ,2009/12/01,M,P,I,
13469 ,I23,3902113-01 ,0001,FORECAST ,000000, 98.000 , 0.000 ,EA , 4.000 ,2010/01/01,M,P,I,
13469 ,I23,3902113-01 ,0001,FORECAST ,000000, 98.000 , 0.000 ,EA , 2.000 ,2010/02/01,M,P,I,
13469 ,I23,3902113-01 ,0001,FORECAST ,000000, 98.000 , 0.000 ,EA , 4.000 ,2010/03/01,M,P,I,
13469 ,I23,3902113-01 ,0001,FORECAST ,000000, 98.000 , 0.000 ,EA , 3.000 ,2010/04/01,M,P,I,
13469 ,I23,3902113-01 ,0001,FORECAST ,000000, 98.000 , 0.000 ,EA , 5.000 ,2010/05/01,Q,P,I,
13469 ,I23,3902113-01 ,0001,FORECAST ,000000, 98.000 , 0.000 ,EA , 10.000 ,2010/08/01,Q,P,I,
13469 ,I23,3902113-01 ,0001,FORECAST ,000000, 98.000 , 0.000 ,EA , 11.000 ,2010/11/01,Q,P,I,
13469 ,I23,3902113-01 ,0001,FORECAST ,000000, 98.000 , 0.000 ,EA , 16.000 ,2011/02/01,Q,P,I,
13469 ,I23,3902113-01 ,0001,FORECAST ,000000, 98.000 , 0.000 ,EA , 37.000 ,2011/04/30,A,P,I,
13469 ,K23,06X3073844-01 ,0102,4501242522,000010, 0.000 , 0.000 ,EA , 1.000 ,2009/04/20,D,S,I,
13469 ,K23,06X3073844-01 ,0102,4501242522,000020, 0.000 , 0.000 ,EA , 1.000 ,2009/04/20,D,S,I,
13469 ,K23,3020184 ,0001,4501115189,000040, 35.000 , 13.000 ,EA , 22.000 ,2009/12/08,D,S,I,
13469 ,K23,3020184 ,0001,4501115189,000050, 41.000 , 26.000 ,EA , 15.000 ,2009/05/14,D,S,I,
13469 ,K23,3020184 ,0001,4501229163,000010, 45.000 , 0.000 ,EA , 45.000 ,2010/05/07,D,S,I,
13469 ,K23,3020184 ,0001,FORECAST ,000000, 84.000 , 0.000 ,EA , 42.000 ,2011/02/01,Q,P,I,
13469 ,K23,3020184 ,0001,FORECAST ,000000, 84.000 , 0.000 ,EA , 42.000 ,2011/04/30,A,P,I,
13469 ,K23,3023479 ,0001,4501116233,000010, 30.000 , 0.000 ,EA , 26.000 ,2008/12/18,D,S,I,
13469 ,K23,3023479 ,0001,4501116233,000020, 0.000 , 0.000 ,EA , 30.000 ,2009/03/15,D,S,I,
13469 ,K23,3028855 ,0001,4501116359,000010, 0.000 , 0.000 ,EA , 5.000 ,2009/01/22,D,S,I,
13469 ,K23,3028855 ,0001,4501116359,000010, 0.000 , 0.000 ,EA , 95.000 ,2009/04/20,D,S,I,
13469 ,K23,3038165CL1 ,0001,4501170302,000010, 516.000 , 0.000 ,EA , 15.000 ,2009/05/27,D,S,S,
13469 ,K23,3038165CL1 ,0001,4501170302,000010, 516.000 , 0.000 ,EA , 11.000 ,2009/06/10,D,S,S,
13469 ,K23,3038165CL1 ,0001,4501170302,000010, 516.000 , 0.000 ,EA , 9.000 ,2009/06/16,D,S,S,
13469 ,K23,3038165CL1 ,0001,4501170302,000010, 516.000 , 0.000 ,EA , 466.000 ,2009/06/23,D,S,S,
13469 ,K23,3038165CL1 ,0001,4501170302,000010, 516.000 , 0.000 ,EA , 15.000 ,2010/11/11,D,S,S,
13469 ,K23,3038165CL4 ,0001,4501085242,000010, 0.000 , 0.000 ,EA , 9.000 ,2012/08/29,D,S,I,
13469 ,K23,3038165CL4 ,0001,4501170380,000010, 110.000 , 0.000 ,EA , 110.000 ,2012/10/29,D,S,I,
13469 ,K23,3039172 ,0001,4501122003,000010, 5.000 , 0.000 ,EA , 5.000 ,2009/12/10,D,S,I,
13469 ,K23,3039172 ,0001,4501122003,000020, 100.000 , 0.000 ,EA , 100.000 ,2009/12/10,D,S,I,
13469 ,K23,3039172 ,0001,4501183777,000010, 100.000 , 0.000 ,EA , 100.000 ,2009/12/31,D,S,I,
13469 ,K23,3039172 ,0001,4501183777,000020, 100.000 , 0.000 ,EA , 100.000 ,2009/12/31,D,S,I,
13469 ,K23,3039172 ,0001,4501183777,000030, 100.000 , 0.000 ,EA , 100.000 ,2009/12/31,D,S,I,
13469 ,K23,3039172 ,0001,4501183777,000040, 100.000 , 0.000 ,EA , 100.000 ,2009/12/31,D,S,I,
13469 ,K23,3041474 ,0001,4501122014,000010, 5.000 , 0.000 ,EA , 5.000 ,2009/12/10,D,S,I,
13469 ,K23,3041474 ,0001,4501122014,000020, 10.000 , 0.000 ,EA , 10.000 ,2009/12/10,D,S,I,
13469 ,K23,3041474 ,0001,4501183780,000010, 40.000 , 0.000 ,EA , 40.000 ,2009/12/31,D,S,I,
13469 ,K23,3045072-01 ,0001,4501115090,000010, 60.000 , 2.000 ,EA , 16.000 ,2008/11/13,D,S,I,
13469 ,K23,3045072-01 ,0001,4501115090,000010, 60.000 , 0.000 ,EA , 40.000 ,2008/11/13,D,S,I,
13469 ,K23,3045072-01 ,0001,4501115090,000020, 0.000 , 0.000 ,EA , 85.000 ,2009/02/01,D,S,I,
13469 ,K23,3045072-01 ,0001,4501115095,000010, 0.000 , 0.000 ,EA , 24.000 ,2009/06/01,D,S,I,
13469 ,K23,3047045-01 ,0001,4501146131,000040, 30.000 , 0.000 ,EA , 15.000 ,2009/04/17,D,S,I,
13469 ,K23,3047045-01 ,0001,4501146131,000040, 30.000 , 0.000 ,EA , 15.000 ,2009/07/01,D,S,I,
13469 ,K23,3049083-01 ,0001,4501116371,000010, 30.000 , 0.000 ,EA , 16.000 ,2009/02/06,D,S,I,
13469 ,K23,3049083-01 ,0001,4501116371,000010, 30.000 , 0.000 ,EA , 10.000 ,2009/02/06,D,S,I,
13469 ,K23,3049083-01 ,0001,4501116371,000020, 0.000 , 0.000 ,EA , 30.000 ,2009/04/30,D,S,I,
13469 ,K23,3049947-01 ,0001,FORECAST ,000000, 4.000 , 0.000 ,EA , 1.000 ,2010/08/01,Q,P,I,
13469 ,K23,3049947-01 ,0001,FORECAST ,000000, 4.000 , 0.000 ,EA , 2.000 ,2011/04/30,A,P,I,
13469 ,K23,3049947-01 ,0001,FORECAST ,000000, 4.000 , 0.000 ,EA , 1.000 ,2012/04/30,A,P,I,
13469 ,K23,3054756-01 ,0001,4501121926,000010, 5.000 , 0.000 ,EA , 5.000 ,2009/12/10,D,S,I,
13469 ,K23,3054756-01 ,0001,4501121926,000020, 10.000 , 0.000 ,EA , 10.000 ,2009/12/10,D,S,I,
13469 ,K23,3054756-01 ,0001,4501183773,000010, 30.000 , 0.000 ,EA , 30.000 ,2009/12/31,D,S,I,
13469 ,K23,3054756-02 ,0001,4501121951,000010, 5.000 , 0.000 ,EA , 5.000 ,2009/12/10,D,S,I,
13469 ,K23,3054756-02 ,0001,4501121951,000020, 30.000 , 0.000 ,EA , 30.000 ,2009/12/10,D,S,I,
13469 ,K23,3054756-02 ,0001,4501183769,000010, 125.000 , 0.000 ,EA , 125.000 ,2009/12/31,D,S,I,
13469 ,K23,3054768-01 ,0001,4501121971,000010, 5.000 , 0.000 ,EA , 5.000 ,2009/12/10,D,S,I,
13469 ,K23,3054768-01 ,0001,4501121971,000020, 20.000 , 0.000 ,EA , 20.000 ,2009/12/10,D,S,I,
13469 ,K23,3054768-01 ,0001,4501183767,000010, 60.000 , 0.000 ,EA , 60.000 ,2009/12/31,D,S,I,
13469 ,K23,3056875-01 ,0001,FORECAST ,000000, 16.000 , 0.000 ,EA , 6.000 ,2010/05/01,Q,P,I,
13469 ,K23,3056875-01 ,0001,FORECAST ,000000, 16.000 , 0.000 ,EA , 6.000 ,2011/04/30,A,P,I,
13469 ,K23,3056875-01 ,0001,FORECAST ,000000, 16.000 , 0.000 ,EA , 4.000 ,2012/04/30,A,P,I,
13469 ,K23,3058346CL11 ,0001,5500026492,000010, 6.000 , 5.000 ,EA , 1.000 ,2009/09/10,D,P,S,
13469 ,K23,3058346CL11 ,0001,5500026492,000010, 17.000 , 0.000 ,EA , 1.000 ,2009/11/01,M,P,I,
13469 ,K23,3058346CL11 ,0001,5500026492,000010, 17.000 , 0.000 ,EA , 1.000 ,2009/12/01,M,P,I,
13469 ,K23,3058346CL11 ,0001,5500026492,000010, 17.000 , 0.000 ,EA , 1.000 ,2010/03/01,M,P,I,
13469 ,K23,3058346CL11 ,0001,5500026492,000010, 17.000 , 0.000 ,EA , 2.000 ,2010/04/01,M,P,I,
13469 ,K23,3058346CL11 ,0001,5500026492,000010, 17.000 , 0.000 ,EA , 1.000 ,2010/05/01,Q,P,I,
13469 ,K23,3058346CL11 ,0001,5500026492,000010, 17.000 , 0.000 ,EA , 2.000 ,2010/08/01,Q,P,I,
13469 ,K23,3058346CL11 ,0001,5500026492,000010, 17.000 , 0.000 ,EA , 1.000 ,2010/11/01,Q,P,I,
13469 ,K23,3058346CL11 ,0001,5500026492,000010, 17.000 , 0.000 ,EA , 3.000 ,2011/02/01,Q,P,I,
13469 ,K23,3058346CL11 ,0001,5500026492,000010, 17.000 , 0.000 ,EA , 4.000 ,2011/04/30,A,P,I,
13469 ,K23,3058346CL11 ,0001,5500026492,000010, 17.000 , 0.000 ,EA , 1.000 ,2012/04/30,A,P,I,
13469 ,K23,3058346CL12 ,0001,5500026499,000010, 2.000 , 0.000 ,EA , 1.000 ,2011/04/30,A,P,I,
13469 ,K23,3058346CL12 ,0001,5500026499,000010, 2.000 , 0.000 ,EA , 1.000 ,2012/04/30,A,P,I,
13469 ,K23,3058346CL13 ,0001,5500026500,000010, 9.000 , 7.000 ,EA , 1.000 ,2009/07/07,D,S,S,
13469 ,K23,3058346CL13 ,0001,5500026500,000010, 9.000 , 0.000 ,EA , 1.000 ,2009/09/10,D,P,S,
13469 ,K23,3058346CL13 ,0001,5500026500,000010, 17.000 , 0.000 ,EA , 1.000 ,2009/11/01,M,P,I,
13469 ,K23,3058346CL13 ,0001,5500026500,000010, 17.000 , 0.000 ,EA , 1.000 ,2009/12/01,M,P,I,
13469 ,K23,3058346CL13 ,0001,5500026500,000010, 17.000 , 0.000 ,EA , 1.000 ,2010/03/01,M,P,I,
13469 ,K23,3058346CL13 ,0001,5500026500,000010, 17.000 , 0.000 ,EA , 2.000 ,2010/04/01,M,P,I,
13469 ,K23,3058346CL13 ,0001,5500026500,000010, 17.000 , 0.000 ,EA , 1.000 ,2010/05/01,Q,P,I,
13469 ,K23,3058346CL13 ,0001,5500026500,000010, 17.000 , 0.000 ,EA , 2.000 ,2010/08/01,Q,P,I,
13469 ,K23,3058346CL13 ,0001,5500026500,000010, 17.000 , 0.000 ,EA , 1.000 ,2010/11/01,Q,P,I,
13469 ,K23,3058346CL13 ,0001,5500026500,000010, 17.000 , 0.000 ,EA , 3.000 ,2011/02/01,Q,P,I,
13469 ,K23,3058346CL13 ,0001,5500026500,000010, 17.000 , 0.000 ,EA , 4.000 ,2011/04/30,A,P,I,
13469 ,K23,3058346CL13 ,0001,5500026500,000010, 17.000 , 0.000 ,EA , 1.000 ,2012/04/30,A,P,I,
13469 ,K23,3058346CL14 ,0001,5500026501,000010, 3.000 , 0.000 ,EA , 1.000 ,2011/02/01,Q,P,I,
13469 ,K23,3058346CL14 ,0001,5500026501,000010, 3.000 , 0.000 ,EA , 1.000 ,2011/04/30,A,P,I,
13469 ,K23,3058346CL14 ,0001,5500026501,000010, 3.000 , 0.000 ,EA , 1.000 ,2012/04/30,A,P,I,
13469 ,K23,3058346CL15 ,0001,5500026502,000010, 167.000 , 164.000 ,EA , 1.000 ,2009/04/24,D,S,S,
13469 ,K23,3058346CL15 ,0001,5500026502,000010, 167.000 , 0.000 ,EA , 1.000 ,2009/05/28,D,S,S,
13469 ,K23,3058346CL15 ,0001,5500026502,000010, 167.000 , 0.000 ,EA , 1.000 ,2009/05/28,D,S,S,
13469 ,K23,3058346CL15 ,0001,5500026502,000010, 128.000 , 0.000 ,EA , 2.000 ,2009/06/15,W,P,I,
13469 ,K23,3058346CL15 ,0001,5500026502,000010, 128.000 , 0.000 ,EA , 5.000 ,2009/07/01,M,P,I,
13469 ,K23,3058346CL15 ,0001,5500026502,000010, 128.000 , 0.000 ,EA , 4.000 ,2009/08/01,M,P,I,
13469 ,K23,3058346CL15 ,0001,5500026502,000010, 128.000 , 0.000 ,EA , 5.000 ,2009/09/01,M,P,I,
13469 ,K23,3058346CL15 ,0001,5500026502,000010, 128.000 , 0.000 ,EA , 5.000 ,2009/10/01,M,P,I,
13469 ,K23,3058346CL15 ,0001,5500026502,000010, 128.000 , 0.000 ,EA , 7.000 ,2009/11/01,M,P,I,
13469 ,K23,3058346CL15 ,0001,5500026502,000010, 128.000 , 0.000 ,EA , 2.000 ,2009/12/01,M,P,I,
13469 ,K23,3058346CL15 ,0001,5500026502,000010, 128.000 , 0.000 ,EA , 4.000 ,2010/01/01,M,P,I,
13469 ,K23,3058346CL15 ,0001,5500026502,000010, 128.000 , 0.000 ,EA , 3.000 ,2010/02/01,M,P,I,
13469 ,K23,3058346CL15 ,0001,5500026502,000010, 128.000 , 0.000 ,EA , 4.000 ,2010/03/01,M,P,I,
13469 ,K23,3058346CL15 ,0001,5500026502,000010, 128.000 , 0.000 ,EA , 6.000 ,2010/04/01,M,P,I,
13469 ,K23,3058346CL15 ,0001,5500026502,000010, 128.000 , 0.000 ,EA , 12.000 ,2010/05/01,Q,P,I,
13469 ,K23,3058346CL15 ,0001,5500026502,000010, 128.000 , 0.000 ,EA , 14.000 ,2010/08/01,Q,P,I,
13469 ,K23,3058346CL15 ,0001,5500026502,000010, 128.000 , 0.000 ,EA , 10.000 ,2010/11/01,Q,P,I,
13469 ,K23,3058346CL15 ,0001,5500026502,000010, 128.000 , 0.000 ,EA , 14.000 ,2011/02/01,Q,P,I,
13469 ,K23,3058346CL15 ,0001,5500026502,000010, 128.000 , 0.000 ,EA , 31.000 ,2011/04/30,A,P,I,
13469 ,K23,3058346CL16 ,0001,5500026503,000010, 5.000 , 0.000 ,EA , 1.000 ,2009/06/22,W,P,I,
13469 ,K23,3058346CL16 ,0001,5500026503,000010, 5.000 , 0.000 ,EA , 1.000 ,2010/04/01,M,P,I,
13469 ,K23,3058346CL16 ,0001,5500026503,000010, 5.000 , 0.000 ,EA , 1.000 ,2011/02/01,Q,P,I,
13469 ,K23,3058346CL16 ,0001,5500026503,000010, 5.000 , 0.000 ,EA , 1.000 ,2011/04/30,A,P,I,
13469 ,K23,3058346CL16 ,0001,5500026503,000010, 5.000 , 0.000 ,EA , 1.000 ,2012/04/30,A,P,I,
13469 ,K23,3058346CL17 ,0001,FORECAST ,000000, 4.000 , 0.000 ,EA , 1.000 ,2010/01/01,M,P,I,
13469 ,K23,3058346CL17 ,0001,FORECAST ,000000, 4.000 , 0.000 ,EA , 1.000 ,2010/11/01,Q,P,I,
13469 ,K23,3058346CL17 ,0001,FORECAST ,000000, 4.000 , 0.000 ,EA , 1.000 ,2011/04/30,A,P,I,
13469 ,K23,3058346CL17 ,0001,FORECAST ,000000, 4.000 , 0.000 ,EA , 1.000 ,2012/04/30,A,P,I,
13469 ,K23,3058347CL03 ,0001,5500038320,000010, 7.000 , 0.000 ,EA , 1.000 ,2010/08/01,Q,P,I,
13469 ,K23,3058347CL03 ,0001,5500038320,000010, 7.000 , 0.000 ,EA , 1.000 ,2010/11/01,Q,P,I,
13469 ,K23,3058347CL03 ,0001,5500038320,000010, 7.000 , 0.000 ,EA , 3.000 ,2011/04/30,A,P,I,
13469 ,K23,3058347CL03 ,0001,5500038320,000010, 7.000 , 0.000 ,EA , 2.000 ,2012/04/30,A,P,I,
13469 ,K23,3058347CL04 ,0001,5500038285,000010, 5.000 , 4.000 ,EA , 1.000 ,2009/06/26,D,S,I,
13469 ,K23,3058347CL04 ,0001,5500038285,000010, 14.000 , 0.000 ,EA , 1.000 ,2009/08/01,M,P,I,
13469 ,K23,3058347CL04 ,0001,5500038285,000010, 14.000 , 0.000 ,EA , 1.000 ,2009/10/01,M,P,I,
13469 ,K23,3058347CL04 ,0001,5500038285,000010, 14.000 , 0.000 ,EA , 1.000 ,2009/12/01,M,P,I,
13469 ,K23,3058347CL04 ,0001,5500038285,000010, 14.000 , 0.000 ,EA , 1.000 ,2010/02/01,M,P,I,
13469 ,K23,3058347CL04 ,0001,5500038285,000010, 14.000 , 0.000 ,EA , 1.000 ,2010/04/01,M,P,I,
13469 ,K23,3058347CL04 ,0001,5500038285,000010, 14.000 , 0.000 ,EA , 1.000 ,2010/05/01,Q,P,I,
13469 ,K23,3058347CL04 ,0001,5500038285,000010, 14.000 , 0.000 ,EA , 2.000 ,2010/08/01,Q,P,I,
13469 ,K23,3058347CL04 ,0001,5500038285,000010, 14.000 , 0.000 ,EA , 1.000 ,2010/11/01,Q,P,I,
13469 ,K23,3058347CL04 ,0001,5500038285,000010, 14.000 , 0.000 ,EA , 2.000 ,2011/02/01,Q,P,I,
13469 ,K23,3058347CL04 ,0001,5500038285,000010, 14.000 , 0.000 ,EA , 3.000 ,2011/04/30,A,P,I,
13469 ,K23,3058347CL05 ,0001,5500038286,000010, 62.000 , 0.000 ,EA , 1.000 ,2009/06/22,W,P,I,
13469 ,K23,3058347CL05 ,0001,5500038286,000010, 6.000 , 5.000 ,EA , 1.000 ,2009/06/26,D,S,I,
13469 ,K23,3058347CL05 ,0001,5500038286,000010, 62.000 , 0.000 ,EA , 1.000 ,2009/07/01,M,P,I,
13469 ,K23,3058347CL05 ,0001,5500038286,000010, 62.000 , 0.000 ,EA , 2.000 ,2009/08/01,M,P,I,
13469 ,K23,3058347CL05 ,0001,5500038286,000010, 62.000 , 0.000 ,EA , 1.000 ,2009/09/01,M,P,I,
13469 ,K23,3058347CL05 ,0001,5500038286,000010, 62.000 , 0.000 ,EA , 2.000 ,2009/10/01,M,P,I,
13469 ,K23,3058347CL05 ,0001,5500038286,000010, 62.000 , 0.000 ,EA , 1.000 ,2009/11/01,M,P,I,
13469 ,K23,3058347CL05 ,0001,5500038286,000010, 62.000 , 0.000 ,EA , 2.000 ,2009/12/01,M,P,I,
13469 ,K23,3058347CL05 ,0001,5500038286,000010, 62.000 , 0.000 ,EA , 1.000 ,2010/01/01,M,P,I,
13469 ,K23,3058347CL05 ,0001,5500038286,000010, 62.000 , 0.000 ,EA , 2.000 ,2010/02/01,M,P,I,
13469 ,K23,3058347CL05 ,0001,5500038286,000010, 62.000 , 0.000 ,EA , 1.000 ,2010/03/01,M,P,I,
13469 ,K23,3058347CL05 ,0001,5500038286,000010, 62.000 , 0.000 ,EA , 2.000 ,2010/04/01,M,P,I,
13469 ,K23,3058347CL05 ,0001,5500038286,000010, 62.000 , 0.000 ,EA , 4.000 ,2010/05/01,Q,P,I,
13469 ,K23,3058347CL05 ,0001,5500038286,000010, 62.000 , 0.000 ,EA , 5.000 ,2010/08/01,Q,P,I,
13469 ,K23,3058347CL05 ,0001,5500038286,000010, 62.000 , 0.000 ,EA , 4.000 ,2010/11/01,Q,P,I,
13469 ,K23,3058347CL05 ,0001,5500038286,000010, 62.000 , 0.000 ,EA , 5.000 ,2011/02/01,Q,P,I,
13469 ,K23,3058347CL05 ,0001,5500038286,000010, 62.000 , 0.000 ,EA , 18.000 ,2011/04/30,A,P,I,
13469 ,K23,3058347CL05 ,0001,5500038286,000010, 62.000 , 0.000 ,EA , 10.000 ,2012/04/30,A,P,I,
13469 ,K23,3058347CL06 ,0001,5500038287,000010, 131.000 , 0.000 ,EA , 3.000 ,2009/06/15,W,P,I,
13469 ,K23,3058347CL06 ,0001,5500038287,000010, 6.000 , 5.000 ,EA , 1.000 ,2009/06/19,D,S,I,
13469 ,K23,3058347CL06 ,0001,5500038287,000010, 131.000 , 0.000 ,EA , 4.000 ,2009/07/01,M,P,I,
13469 ,K23,3058347CL06 ,0001,5500038287,000010, 131.000 , 0.000 ,EA , 2.000 ,2009/08/01,M,P,I,
13469 ,K23,3058347CL06 ,0001,5500038287,000010, 131.000 , 0.000 ,EA , 4.000 ,2009/09/01,M,P,I,
13469 ,K23,3058347CL06 ,0001,5500038287,000010, 131.000 , 0.000 ,EA , 3.000 ,2009/10/01,M,P,I,
13469 ,K23,3058347CL06 ,0001,5500038287,000010, 131.000 , 0.000 ,EA , 4.000 ,2009/11/01,M,P,I,
13469 ,K23,3058347CL06 ,0001,5500038287,000010, 131.000 , 0.000 ,EA , 2.000 ,2009/12/01,M,P,I,
13469 ,K23,3058347CL06 ,0001,5500038287,000010, 131.000 , 0.000 ,EA , 4.000 ,2010/01/01,M,P,I,
13469 ,K23,3058347CL06 ,0001,5500038287,000010, 131.000 , 0.000 ,EA , 3.000 ,2010/02/01,M,P,I,
13469 ,K23,3058347CL06 ,0001,5500038287,000010, 131.000 , 0.000 ,EA , 4.000 ,2010/03/01,M,P,I,
13469 ,K23,3058347CL06 ,0001,5500038287,000010, 131.000 , 0.000 ,EA , 3.000 ,2010/04/01,M,P,I,
13469 ,K23,3058347CL06 ,0001,5500038287,000010, 131.000 , 0.000 ,EA , 11.000 ,2010/05/01,Q,P,I,
13469 ,K23,3058347CL06 ,0001,5500038287,000010, 131.000 , 0.000 ,EA , 9.000 ,2010/08/01,Q,P,I,
13469 ,K23,3058347CL06 ,0001,5500038287,000010, 131.000 , 0.000 ,EA , 10.000 ,2010/11/01,Q,P,I,
13469 ,K23,3058347CL06 ,0001,5500038287,000010, 131.000 , 0.000 ,EA , 10.000 ,2011/02/01,Q,P,I,
13469 ,K23,3058347CL06 ,0001,5500038287,000010, 131.000 , 0.000 ,EA , 37.000 ,2011/04/30,A,P,I,
13469 ,K23,3058347CL06 ,0001,5500038287,000010, 131.000 , 0.000 ,EA , 18.000 ,2012/04/30,A,P,I,
13469 ,K23,3058347CL07 ,0001,5500038288,000010, 166.000 , 152.000 ,EA , 2.000 ,2009/04/08,D,S,S,
13469 ,K23,3058347CL07 ,0001,5500038288,000010, 166.000 , 0.000 ,EA , 3.000 ,2009/04/22,D,S,S,
13469 ,K23,3058347CL07 ,0001,5500038288,000010, 166.000 , 0.000 ,EA , 3.000 ,2009/04/30,D,S,S,
13469 ,K23,3058347CL07 ,0001,5500038288,000010, 166.000 , 0.000 ,EA , 6.000 ,2009/05/19,D,S,S,
13469 ,K23,3058347CL07 ,0001,5500038288,000010, 258.000 , 0.000 ,EA , 4.000 ,2009/06/22,W,P,I,
13469 ,K23,3058347CL07 ,0001,5500038288,000010, 258.000 , 0.000 ,EA , 6.000 ,2009/07/01,M,P,I,
13469 ,K23,3058347CL07 ,0001,5500038288,000010, 258.000 , 0.000 ,EA , 6.000 ,2009/08/01,M,P,I,
13469 ,K23,3058347CL07 ,0001,5500038288,000010, 258.000 , 0.000 ,EA , 8.000 ,2009/09/01,M,P,I,
13469 ,K23,3058347CL07 ,0001,5500038288,000010, 258.000 , 0.000 ,EA , 9.000 ,2009/10/01,M,P,I,
13469 ,K23,3058347CL07 ,0001,5500038288,000010, 258.000 , 0.000 ,EA , 7.000 ,2009/11/01,M,P,I,
13469 ,K23,3058347CL07 ,0001,5500038288,000010, 258.000 , 0.000 ,EA , 6.000 ,2009/12/01,M,P,I,
13469 ,K23,3058347CL07 ,0001,5500038288,000010, 258.000 , 0.000 ,EA , 8.000 ,2010/01/01,M,P,I,
13469 ,K23,3058347CL07 ,0001,5500038288,000010, 258.000 , 0.000 ,EA , 8.000 ,2010/02/01,M,P,I,
13469 ,K23,3058347CL07 ,0001,5500038288,000010, 258.000 , 0.000 ,EA , 11.000 ,2010/03/01,M,P,I,
13469 ,K23,3058347CL07 ,0001,5500038288,000010, 258.000 , 0.000 ,EA , 5.000 ,2010/04/01,M,P,I,
13469 ,K23,3058347CL07 ,0001,5500038288,000010, 258.000 , 0.000 ,EA , 22.000 ,2010/05/01,Q,P,I,
13469 ,K23,3058347CL07 ,0001,5500038288,000010, 258.000 , 0.000 ,EA , 23.000 ,2010/08/01,Q,P,I,
13469 ,K23,3058347CL07 ,0001,5500038288,000010, 258.000 , 0.000 ,EA , 21.000 ,2010/11/01,Q,P,I,
13469 ,K23,3058347CL07 ,0001,5500038288,000010, 258.000 , 0.000 ,EA , 25.000 ,2011/02/01,Q,P,I,
13469 ,K23,3058347CL07 ,0001,5500038288,000010, 258.000 , 0.000 ,EA , 71.000 ,2011/04/30,A,P,I,
13469 ,K23,3058347CL07 ,0001,5500038288,000010, 258.000 , 0.000 ,EA , 18.000 ,2012/04/30,A,P,I,
13469 ,K23,3058347CL08 ,0001,5500038289,000010, 333.000 , 315.000 ,EA , 8.000 ,2009/05/21,D,S,S,
13469 ,K23,3058347CL08 ,0001,5500038289,000010, 333.000 , 0.000 ,EA , 5.000 ,2009/06/08,D,S,S,
13469 ,K23,3058347CL08 ,0001,5500038289,000010, 333.000 , 0.000 ,EA , 5.000 ,2009/06/25,D,S,S,
13469 ,K23,3058347CL08 ,0001,5500038289,000010, 389.000 , 0.000 ,EA , 12.000 ,2009/07/01,M,P,I,
13469 ,K23,3058347CL08 ,0001,5500038289,000010, 389.000 , 0.000 ,EA , 7.000 ,2009/08/01,M,P,I,
13469 ,K23,3058347CL08 ,0001,5500038289,000010, 389.000 , 0.000 ,EA , 11.000 ,2009/09/01,M,P,I,
13469 ,K23,3058347CL08 ,0001,5500038289,000010, 389.000 , 0.000 ,EA , 16.000 ,2009/10/01,M,P,I,
13469 ,K23,3058347CL08 ,0001,5500038289,000010, 389.000 , 0.000 ,EA , 11.000 ,2009/11/01,M,P,I,
13469 ,K23,3058347CL08 ,0001,5500038289,000010, 389.000 , 0.000 ,EA , 10.000 ,2009/12/01,M,P,I,
13469 ,K23,3058347CL08 ,0001,5500038289,000010, 389.000 , 0.000 ,EA , 12.000 ,2010/01/01,M,P,I,
13469 ,K23,3058347CL08 ,0001,5500038289,000010, 389.000 , 0.000 ,EA , 13.000 ,2010/02/01,M,P,I,
13469 ,K23,3058347CL08 ,0001,5500038289,000010, 389.000 , 0.000 ,EA , 18.000 ,2010/03/01,M,P,I,
13469 ,K23,3058347CL08 ,0001,5500038289,000010, 389.000 , 0.000 ,EA , 12.000 ,2010/04/01,M,P,I,
13469 ,K23,3058347CL08 ,0001,5500038289,000010, 389.000 , 0.000 ,EA , 31.000 ,2010/05/01,Q,P,I,
13469 ,K23,3058347CL08 ,0001,5500038289,000010, 389.000 , 0.000 ,EA , 36.000 ,2010/08/01,Q,P,I,
13469 ,K23,3058347CL08 ,0001,5500038289,000010, 389.000 , 0.000 ,EA , 34.000 ,2010/11/01,Q,P,I,
13469 ,K23,3058347CL08 ,0001,5500038289,000010, 389.000 , 0.000 ,EA , 39.000 ,2011/02/01,Q,P,I,
13469 ,K23,3058347CL08 ,0001,5500038289,000010, 389.000 , 0.000 ,EA , 109.000 ,2011/04/30,A,P,I,
13469 ,K23,3058347CL08 ,0001,5500038289,000010, 389.000 , 0.000 ,EA , 18.000 ,2012/04/30,A,P,I,
13469 ,K23,3058347CL09 ,0001,5500038319,000010, 78.000 , 71.000 ,EA , 6.000 ,2009/04/14,D,S,S,
13469 ,K23,3058347CL09 ,0001,5500038319,000010, 78.000 , 0.000 ,EA , 1.000 ,2009/05/06,D,S,S,
13469 ,K23,3058347CL09 ,0001,5500038319,000010, 35.000 , 0.000 ,EA , 2.000 ,2009/06/15,W,P,I,
13469 ,K23,3058347CL09 ,0001,5500038319,000010, 35.000 , 0.000 ,EA , 1.000 ,2009/07/01,M,P,I,
13469 ,K23,3058347CL09 ,0001,5500038319,000010, 35.000 , 0.000 ,EA , 1.000 ,2009/08/01,M,P,I,
13469 ,K23,3058347CL09 ,0001,5500038319,000010, 35.000 , 0.000 ,EA , 1.000 ,2009/09/01,M,P,I,
13469 ,K23,3058347CL09 ,0001,5500038319,000010, 35.000 , 0.000 ,EA , 1.000 ,2009/10/01,M,P,I,
13469 ,K23,3058347CL09 ,0001,5500038319,000010, 35.000 , 0.000 ,EA , 1.000 ,2009/11/01,M,P,I,
13469 ,K23,3058347CL09 ,0001,5500038319,000010, 35.000 , 0.000 ,EA , 2.000 ,2010/01/01,M,P,I,
13469 ,K23,3058347CL09 ,0001,5500038319,000010, 35.000 , 0.000 ,EA , 1.000 ,2010/02/01,M,P,I,
13469 ,K23,3058347CL09 ,0001,5500038319,000010, 35.000 , 0.000 ,EA , 1.000 ,2010/03/01,M,P,I,
13469 ,K23,3058347CL09 ,0001,5500038319,000010, 35.000 , 0.000 ,EA , 1.000 ,2010/04/01,M,P,I,
13469 ,K23,3058347CL09 ,0001,5500038319,000010, 35.000 , 0.000 ,EA , 3.000 ,2010/05/01,Q,P,I,
13469 ,K23,3058347CL09 ,0001,5500038319,000010, 35.000 , 0.000 ,EA , 3.000 ,2010/08/01,Q,P,I,
13469 ,K23,3058347CL09 ,0001,5500038319,000010, 35.000 , 0.000 ,EA , 3.000 ,2010/11/01,Q,P,I,
13469 ,K23,3058347CL09 ,0001,5500038319,000010, 35.000 , 0.000 ,EA , 4.000 ,2011/02/01,Q,P,I,
13469 ,K23,3058347CL09 ,0001,5500038319,000010, 35.000 , 0.000 ,EA , 9.000 ,2011/04/30,A,P,I,
13469 ,K23,3058347CL09 ,0001,5500038319,000010, 35.000 , 0.000 ,EA , 1.000 ,2012/04/30,A,P,I,
13469 ,K23,3058347CL10 ,0001,4501248759,000010, 1.000 , 0.000 ,EA , 1.000 ,2009/06/26,D,S,I,
13469 ,K23,3058347CL10 ,0001,4501287456,000010, 2.000 , 0.000 ,EA , 2.000 ,2009/06/26,D,S,A,
13469 ,K23,3058347CL10 ,0001,FORECAST ,000000, 4.000 , 0.000 ,EA , 1.000 ,2010/11/01,Q,P,I,
13469 ,K23,3058347CL10 ,0001,FORECAST ,000000, 4.000 , 0.000 ,EA , 2.000 ,2011/04/30,A,P,I,
13469 ,K23,3058347CL10 ,0001,FORECAST ,000000, 4.000 , 0.000 ,EA , 1.000 ,2012/04/30,A,P,I,
13469 ,K23,3058347CL11 ,0001,4501171060,000010, 2.000 , 1.000 ,EA , 1.000 ,2011/01/27,D,S,S,
13469 ,K23,3058347CL11 ,0001,FORECAST ,000000, 1.000 , 0.000 ,EA , 1.000 ,2012/04/30,A,P,I,
13469 ,K23,3058347CL12 ,0001,FORECAST ,000000, 3.000 , 0.000 ,EA , 1.000 ,2010/05/01,Q,P,I,
13469 ,K23,3058347CL12 ,0001,FORECAST ,000000, 3.000 , 0.000 ,EA , 1.000 ,2011/04/30,A,P,I,
13469 ,K23,3058347CL12 ,0001,FORECAST ,000000, 3.000 , 0.000 ,EA , 1.000 ,2012/04/30,A,P,I,
13469 ,K23,3058347CL13 ,0001,5500039397,000010, 2.000 , 1.000 ,EA , 1.000 ,2009/04/28,D,S,I,
13469 ,K23,3058347CL13 ,0001,5500039397,000010, 5.000 , 0.000 ,EA , 1.000 ,2009/09/01,M,P,I,
13469 ,K23,3058347CL13 ,0001,5500039397,000010, 5.000 , 0.000 ,EA , 1.000 ,2010/04/01,M,P,I,
13469 ,K23,3058347CL13 ,0001,5500039397,000010, 5.000 , 0.000 ,EA , 1.000 ,2010/08/01,Q,P,I,
13469 ,K23,3058347CL13 ,0001,5500039397,000010, 5.000 , 0.000 ,EA , 2.000 ,2012/04/30,A,P,I,
13469 ,K23,3058347CL15 ,0001,5500038774,000010, 123.000 , 109.000 ,EA , 2.000 ,2009/05/11,D,S,S,
13469 ,K23,3058347CL15 ,0001,5500038774,000010, 123.000 , 0.000 ,EA , 2.000 ,2009/05/19,D,S,S,
13469 ,K23,3058347CL15 ,0001,5500038774,000010, 123.000 , 0.000 ,EA , 2.000 ,2009/05/26,D,S,S,
13469 ,K23,3058347CL15 ,0001,5500038774,000010, 123.000 , 0.000 ,EA , 1.000 ,2009/06/01,D,S,S,
13469 ,K23,3058347CL15 ,0001,5500038774,000010, 123.000 , 0.000 ,EA , 3.000 ,2009/06/04,D,S,S,
13469 ,K23,3058347CL15 ,0001,5500038774,000010, 123.000 , 0.000 ,EA , 1.000 ,2009/06/11,D,S,S,
13469 ,K23,3058347CL15 ,0001,5500038774,000010, 123.000 , 0.000 ,EA , 1.000 ,2009/06/12,D,S,S,
13469 ,K23,3058347CL15 ,0001,5500038774,000010, 123.000 , 0.000 ,EA , 1.000 ,2009/06/18,D,S,S,
13469 ,K23,3058347CL15 ,0001,5500038774,000010, 123.000 , 0.000 ,EA , 1.000 ,2009/06/25,D,S,S,
13469 ,K23,3058347CL15 ,0001,5500038774,000010, 290.000 , 0.000 ,EA , 9.000 ,2009/07/01,M,P,I,
13469 ,K23,3058347CL15 ,0001,5500038774,000010, 290.000 , 0.000 ,EA , 7.000 ,2009/08/01,M,P,I,
13469 ,K23,3058347CL15 ,0001,5500038774,000010, 290.000 , 0.000 ,EA , 8.000 ,2009/09/01,M,P,I,
13469 ,K23,3058347CL15 ,0001,5500038774,000010, 290.000 , 0.000 ,EA , 11.000 ,2009/10/01,M,P,I,
13469 ,K23,3058347CL15 ,0001,5500038774,000010, 290.000 , 0.000 ,EA , 9.000 ,2009/11/01,M,P,I,
13469 ,K23,3058347CL15 ,0001,5500038774,000010, 290.000 , 0.000 ,EA , 10.000 ,2009/12/01,M,P,I,
13469 ,K23,3058347CL15 ,0001,5500038774,000010, 290.000 , 0.000 ,EA , 7.000 ,2010/01/01,M,P,I,
13469 ,K23,3058347CL15 ,0001,5500038774,000010, 290.000 , 0.000 ,EA , 13.000 ,2010/02/01,M,P,I,
13469 ,K23,3058347CL15 ,0001,5500038774,000010, 290.000 , 0.000 ,EA , 12.000 ,2010/03/01,M,P,I,
13469 ,K23,3058347CL15 ,0001,5500038774,000010, 290.000 , 0.000 ,EA , 10.000 ,2010/04/01,M,P,I,
13469 ,K23,3058347CL15 ,0001,5500038774,000010, 290.000 , 0.000 ,EA , 23.000 ,2010/05/01,Q,P,I,
13469 ,K23,3058347CL15 ,0001,5500038774,000010, 290.000 , 0.000 ,EA , 29.000 ,2010/08/01,Q,P,I,
13469 ,K23,3058347CL15 ,0001,5500038774,000010, 290.000 , 0.000 ,EA , 26.000 ,2010/11/01,Q,P,I,
13469 ,K23,3058347CL15 ,0001,5500038774,000010, 290.000 , 0.000 ,EA , 34.000 ,2011/02/01,Q,P,I,
13469 ,K23,3058347CL15 ,0001,5500038774,000010, 290.000 , 0.000 ,EA , 81.000 ,2011/04/30,A,P,I,
13469 ,K23,3058347CL15 ,0001,5500038774,000010, 290.000 , 0.000 ,EA , 1.000 ,2012/04/30,A,P,I,
13469 ,K23,3058347CL16 ,0001,5500038777,000010, 38.000 , 34.000 ,EA , 1.000 ,2009/08/14,D,P,S,
13469 ,K23,3058347CL16 ,0001,5500038777,000010, 38.000 , 0.000 ,EA , 1.000 ,2009/08/31,D,P,S,
13469 ,K23,3058347CL16 ,0001,5500038777,000010, 38.000 , 0.000 ,EA , 1.000 ,2009/09/15,D,P,S,
13469 ,K23,3058347CL16 ,0001,5500038777,000010, 38.000 , 0.000 ,EA , 1.000 ,2009/09/24,D,P,S,
13469 ,K23,3058347CL16 ,0001,5500038777,000010, 61.000 , 0.000 ,EA , 2.000 ,2009/10/01,M,P,I,
13469 ,K23,3058347CL16 ,0001,5500038777,000010, 61.000 , 0.000 ,EA , 2.000 ,2009/11/01,M,P,I,
13469 ,K23,3058347CL16 ,0001,5500038777,000010, 61.000 , 0.000 ,EA , 2.000 ,2009/12/01,M,P,I,
13469 ,K23,3058347CL16 ,0001,5500038777,000010, 61.000 , 0.000 ,EA , 2.000 ,2010/01/01,M,P,I,
13469 ,K23,3058347CL16 ,0001,5500038777,000010, 61.000 , 0.000 ,EA , 2.000 ,2010/02/01,M,P,I,
13469 ,K23,3058347CL16 ,0001,5500038777,000010, 61.000 , 0.000 ,EA , 4.000 ,2010/03/01,M,P,I,
13469 ,K23,3058347CL16 ,0001,5500038777,000010, 61.000 , 0.000 ,EA , 2.000 ,2010/04/01,M,P,I,
13469 ,K23,3058347CL16 ,0001,5500038777,000010, 61.000 , 0.000 ,EA , 6.000 ,2010/05/01,Q,P,I,
13469 ,K23,3058347CL16 ,0001,5500038777,000010, 61.000 , 0.000 ,EA , 6.000 ,2010/08/01,Q,P,I,
13469 ,K23,3058347CL16 ,0001,5500038777,000010, 61.000 , 0.000 ,EA , 7.000 ,2010/11/01,Q,P,I,
13469 ,K23,3058347CL16 ,0001,5500038777,000010, 61.000 , 0.000 ,EA , 7.000 ,2011/02/01,Q,P,I,
13469 ,K23,3058347CL16 ,0001,5500038777,000010, 61.000 , 0.000 ,EA , 19.000 ,2011/04/30,A,P,I,
13469 ,K23,3058347CL17 ,0001,5500038455,000010, 0.000 , 7.000 ,EA , 1.000 ,2009/11/26,D,P,I,
13469 ,K23,3058347CL17 ,0001,5500038455,000010, 36.000 , 0.000 ,EA , 1.000 ,2009/12/01,M,P,I,
13469 ,K23,3058347CL17 ,0001,5500038455,000010, 36.000 , 0.000 ,EA , 1.000 ,2010/01/01,M,P,I,
13469 ,K23,3058347CL17 ,0001,5500038455,000010, 36.000 , 0.000 ,EA , 1.000 ,2010/02/01,M,P,I,
13469 ,K23,3058347CL17 ,0001,5500038455,000010, 36.000 , 0.000 ,EA , 1.000 ,2010/03/01,M,P,I,
13469 ,K23,3058347CL17 ,0001,5500038455,000010, 36.000 , 0.000 ,EA , 1.000 ,2010/04/01,M,P,I,
13469 ,K23,3058347CL17 ,0001,5500038455,000010, 36.000 , 0.000 ,EA , 3.000 ,2010/05/01,Q,P,I,
13469 ,K23,3058347CL17 ,0001,5500038455,000010, 36.000 , 0.000 ,EA , 3.000 ,2010/08/01,Q,P,I,
13469 ,K23,3058347CL17 ,0001,5500038455,000010, 36.000 , 0.000 ,EA , 3.000 ,2010/11/01,Q,P,I,
13469 ,K23,3058347CL17 ,0001,5500038455,000010, 36.000 , 0.000 ,EA , 3.000 ,2011/02/01,Q,P,I,
13469 ,K23,3058347CL17 ,0001,5500038455,000010, 36.000 , 0.000 ,EA , 12.000 ,2011/04/30,A,P,I,
13469 ,K23,3058347CL17 ,0001,5500038455,000010, 36.000 , 0.000 ,EA , 7.000 ,2012/04/30,A,P,I,
13469 ,K23,3071252-01 ,0001,3500005527,000050, 6.000 , 1.000 ,EA , 5.000 ,2009/04/09,D,S,S,
13469 ,K23,3071252-01 ,0001,5500042619,000010, 15.000 , 5.000 ,EA , 1.000 ,2009/02/20,D,S,S,
13469 ,K23,3071252-01 ,0001,5500042619,000010, 15.000 , 0.000 ,EA , 3.000 ,2009/04/06,D,S,S,
13469 ,K23,3071252-01 ,0001,5500042619,000010, 15.000 , 0.000 ,EA , 3.000 ,2009/08/24,D,S,S,
13469 ,K23,3071252-01 ,0001,5500042619,000010, 15.000 , 0.000 ,EA , 3.000 ,2009/10/23,D,P,S,
13469 ,K23,3071252-01 ,0001,5500042619,000010, 54.000 , 0.000 ,EA , 9.000 ,2009/12/01,M,P,I,
13469 ,K23,3071252-01 ,0001,5500042619,000010, 54.000 , 0.000 ,EA , 6.000 ,2010/04/01,M,P,I,
13469 ,K23,3071252-01 ,0001,5500042619,000010, 54.000 , 0.000 ,EA , 9.000 ,2010/05/01,Q,P,I,
13469 ,K23,3071252-01 ,0001,5500042619,000010, 54.000 , 0.000 ,EA , 6.000 ,2010/11/01,Q,P,I,
13469 ,K23,3071252-01 ,0001,5500042619,000010, 54.000 , 0.000 ,EA , 9.000 ,2011/02/01,Q,P,I,
13469 ,K23,3071252-01 ,0001,5500042619,000010, 54.000 , 0.000 ,EA , 15.000 ,2011/04/30,A,P,I,
13469 ,K23,3071253-01 ,0001,4500926412,000010, 24.000 , 17.000 ,EA , 7.000 ,2009/04/16,D,S,I,
13469 ,K23,3071253-01 ,0001,FORECAST ,000000, 61.000 , 0.000 ,EA , 25.000 ,2009/09/01,M,P,I,
13469 ,K23,3071253-01 ,0001,FORECAST ,000000, 61.000 , 0.000 ,EA , 4.000 ,2010/08/01,Q,P,I,
13469 ,K23,3071253-01 ,0001,FORECAST ,000000, 61.000 , 0.000 ,EA , 6.000 ,2010/11/01,Q,P,I,
13469 ,K23,3071253-01 ,0001,FORECAST ,000000, 61.000 , 0.000 ,EA , 8.000 ,2011/02/01,Q,P,I,
13469 ,K23,3071253-01 ,0001,FORECAST ,000000, 61.000 , 0.000 ,EA , 18.000 ,2011/04/30,A,P,I,
13469 ,K23,3071254-01 ,0001,FORECAST ,000000, 60.000 , 0.000 ,EA , 25.000 ,2009/10/01,M,P,I,
13469 ,K23,3071254-01 ,0001,FORECAST ,000000, 60.000 , 0.000 ,EA , 3.000 ,2010/08/01,Q,P,I,
13469 ,K23,3071254-01 ,0001,FORECAST ,000000, 60.000 , 0.000 ,EA , 6.000 ,2010/11/01,Q,P,I,
13469 ,K23,3071254-01 ,0001,FORECAST ,000000, 60.000 , 0.000 ,EA , 8.000 ,2011/02/01,Q,P,I,
13469 ,K23,3071254-01 ,0001,FORECAST ,000000, 60.000 , 0.000 ,EA , 18.000 ,2011/04/30,A,P,I,
13469 ,K23,3071268-01 ,0001,FORECAST ,000000, 52.000 , 0.000 ,EA , 15.000 ,2010/02/01,M,P,I,
13469 ,K23,3071268-01 ,0001,FORECAST ,000000, 52.000 , 0.000 ,EA , 5.000 ,2010/08/01,Q,P,I,
13469 ,K23,3071268-01 ,0001,FORECAST ,000000, 52.000 , 0.000 ,EA , 6.000 ,2010/11/01,Q,P,I,
13469 ,K23,3071268-01 ,0001,FORECAST ,000000, 52.000 , 0.000 ,EA , 8.000 ,2011/02/01,Q,P,I,
13469 ,K23,3071268-01 ,0001,FORECAST ,000000, 52.000 , 0.000 ,EA , 18.000 ,2011/04/30,A,P,I,
13469 ,K23,3071550-01 ,0001,4501268730,000010, 10.000 , 0.000 ,EA , 8.000 ,2009/05/08,D,S,S,
13469 ,K23,3071550-01 ,0001,4501268730,000010, 10.000 , 0.000 ,EA , 2.000 ,2009/10/21,D,S,S,
13469 ,K23,3071550-01 ,0001,FORECAST ,000000, 57.000 , 0.000 ,EA , 8.000 ,2009/11/01,M,P,I,
13469 ,K23,3071550-01 ,0001,FORECAST ,000000, 57.000 , 0.000 ,EA , 8.000 ,2010/03/01,M,P,I,
13469 ,K23,3071550-01 ,0001,FORECAST ,000000, 57.000 , 0.000 ,EA , 1.000 ,2010/05/01,Q,P,I,
13469 ,K23,3071550-01 ,0001,FORECAST ,000000, 57.000 , 0.000 ,EA , 8.000 ,2010/08/01,Q,P,I,
13469 ,K23,3071550-01 ,0001,FORECAST ,000000, 57.000 , 0.000 ,EA , 6.000 ,2010/11/01,Q,P,I,
13469 ,K23,3071550-01 ,0001,FORECAST ,000000, 57.000 , 0.000 ,EA , 8.000 ,2011/02/01,Q,P,I,
13469 ,K23,3071550-01 ,0001,FORECAST ,000000, 57.000 , 0.000 ,EA , 18.000 ,2011/04/30,A,P,I,
13469 ,K23,3071842-01 ,0001,5500039726,000010, 364.000 , 313.000 ,EA , 6.000 ,2009/04/09,D,S,S,
13469 ,K23,3071842-01 ,0001,5500039726,000010, 364.000 , 0.000 ,EA , 3.000 ,2009/04/17,D,S,S,
13469 ,K23,3071842-01 ,0001,5500039726,000010, 364.000 , 0.000 ,EA , 6.000 ,2009/04/23,D,S,S,
13469 ,K23,3071842-01 ,0001,5500039726,000010, 364.000 , 0.000 ,EA , 5.000 ,2009/04/30,D,S,S,
13469 ,K23,3071842-01 ,0001,5500039726,000010, 364.000 , 0.000 ,EA , 5.000 ,2009/05/07,D,S,S,
13469 ,K23,3071842-01 ,0001,5500039726,000010, 364.000 , 0.000 ,EA , 4.000 ,2009/05/12,D,S,S,
13469 ,K23,3071842-01 ,0001,5500039726,000010, 364.000 , 0.000 ,EA , 8.000 ,2009/05/21,D,S,S,
13469 ,K23,3071842-01 ,0001,5500039726,000010, 364.000 , 0.000 ,EA , 6.000 ,2009/05/27,D,S,S,
13469 ,K23,3071842-01 ,0001,5500039726,000010, 364.000 , 0.000 ,EA , 5.000 ,2009/06/04,D,S,S,
13469 ,K23,3071842-01 ,0001,5500039726,000010, 364.000 , 0.000 ,EA , 3.000 ,2009/06/11,D,S,S,
13469 ,K23,3071842-01 ,0001,5500039726,000010, 666.000 , 0.000 ,EA , 8.000 ,2009/06/15,W,P,I,
13469 ,K23,3071842-01 ,0001,5500039726,000010, 666.000 , 0.000 ,EA , 3.000 ,2009/06/22,W,P,I,
13469 ,K23,3071842-01 ,0001,5500039726,000010, 666.000 , 0.000 ,EA , 19.000 ,2009/07/01,M,P,I,
13469 ,K23,3071842-01 ,0001,5500039726,000010, 666.000 , 0.000 ,EA , 15.000 ,2009/08/01,M,P,I,
13469 ,K23,3071842-01 ,0001,5500039726,000010, 666.000 , 0.000 ,EA , 17.000 ,2009/09/01,M,P,I,
13469 ,K23,3071842-01 ,0001,5500039726,000010, 666.000 , 0.000 ,EA , 12.000 ,2009/10/01,M,P,I,
13469 ,K23,3071842-01 ,0001,5500039726,000010, 666.000 , 0.000 ,EA , 16.000 ,2009/11/01,M,P,I,
13469 ,K23,3071842-01 ,0001,5500039726,000010, 666.000 , 0.000 ,EA , 9.000 ,2009/12/01,M,P,I,
13469 ,K23,3071842-01 ,0001,5500039726,000010, 666.000 , 0.000 ,EA , 29.000 ,2010/01/01,M,P,I,
13469 ,K23,3071842-01 ,0001,5500039726,000010, 666.000 , 0.000 ,EA , 24.000 ,2010/02/01,M,P,I,
13469 ,K23,3071842-01 ,0001,5500039726,000010, 666.000 , 0.000 ,EA , 18.000 ,2010/03/01,M,P,I,
13469 ,K23,3071842-01 ,0001,5500039726,000010, 666.000 , 0.000 ,EA , 27.000 ,2010/04/01,M,P,I,
13469 ,K23,3071842-01 ,0001,5500039726,000010, 666.000 , 0.000 ,EA , 54.000 ,2010/05/01,Q,P,I,
13469 ,K23,3071842-01 ,0001,5500039726,000010, 666.000 , 0.000 ,EA , 67.000 ,2010/08/01,Q,P,I,
13469 ,K23,3071842-01 ,0001,5500039726,000010, 666.000 , 0.000 ,EA , 74.000 ,2010/11/01,Q,P,I,
13469 ,K23,3071842-01 ,0001,5500039726,000010, 666.000 , 0.000 ,EA , 73.000 ,2011/02/01,Q,P,I,
13469 ,K23,3071842-01 ,0001,5500039726,000010, 666.000 , 0.000 ,EA , 201.000 ,2011/04/30,A,P,I,
13469 ,K23,3071981-01 ,0001,3500006136,000010, 0.000 , 0.000 ,EA , 15.000 ,2012/04/20,D,S,I,
13469 ,K23,3071981-01 ,0001,3500006136,000030, 0.000 , 0.000 ,EA , 3.000 ,2012/04/20,D,S,I,
13469 ,K23,3071981-01 ,0001,3500006848,000010, 2.000 , 0.000 ,EA , 2.000 ,2009/05/12,D,S,S,
13469 ,K23,3071981-01 ,0001,3500008436,000010, 0.000 , 0.000 ,EA , 1.000 ,2009/05/12,D,S,I,
13469 ,K23,3071981-01 ,0001,3500008622,000010, 1.000 , 0.000 ,EA , 1.000 ,2009/05/06,D,S,I,
13469 ,K23,3071981-01 ,0001,3500008660,000010, 1.000 , 0.000 ,EA , 1.000 ,2009/05/06,D,S,I,
13469 ,K23,3071981-01 ,0001,4501106433,000010, 40.000 , 35.000 ,EA , 5.000 ,2009/06/22,D,S,I,
13469 ,K23,3071981-01 ,0001,4501172447,000010, 1.000 , 0.000 ,EA , 1.000 ,2009/05/12,D,S,S,
13469 ,K23,3071981-01 ,0001,4501246147,000010, 1.000 , 0.000 ,EA , 1.000 ,2009/05/06,D,S,I,
13469 ,K23,3071981-01 ,0001,4501277822,000010, 40.000 , 0.000 ,EA , 20.000 ,2009/06/03,D,S,I,
13469 ,K23,3071981-01 ,0001,4501277822,000010, 40.000 , 0.000 ,EA , 20.000 ,2009/06/11,D,S,I,
13469 ,K23,3071981-01 ,0001,FORECAST ,000000, 802.000 , 0.000 ,EA , 46.000 ,2009/07/01,M,P,I,
13469 ,K23,3071981-01 ,0001,FORECAST ,000000, 802.000 , 0.000 ,EA , 58.000 ,2009/09/01,M,P,I,
13469 ,K23,3071981-01 ,0001,FORECAST ,000000, 802.000 , 0.000 ,EA , 60.000 ,2009/11/01,M,P,I,
13469 ,K23,3071981-01 ,0001,FORECAST ,000000, 802.000 , 0.000 ,EA , 50.000 ,2009/12/01,M,P,I,
13469 ,K23,3071981-01 ,0001,FORECAST ,000000, 802.000 , 0.000 ,EA , 51.000 ,2010/03/01,M,P,I,
13469 ,K23,3071981-01 ,0001,FORECAST ,000000, 802.000 , 0.000 ,EA , 47.000 ,2010/04/01,M,P,I,
13469 ,K23,3071981-01 ,0001,FORECAST ,000000, 802.000 , 0.000 ,EA , 57.000 ,2010/05/01,Q,P,I,
13469 ,K23,3071981-01 ,0001,FORECAST ,000000, 802.000 , 0.000 ,EA , 124.000 ,2010/08/01,Q,P,I,
13469 ,K23,3071981-01 ,0001,FORECAST ,000000, 802.000 , 0.000 ,EA , 38.000 ,2010/11/01,Q,P,I,
13469 ,K23,3071981-01 ,0001,FORECAST ,000000, 802.000 , 0.000 ,EA , 101.000 ,2011/02/01,Q,P,I,
13469 ,K23,3071981-01 ,0001,FORECAST ,000000, 802.000 , 0.000 ,EA , 170.000 ,2011/04/30,A,P,I,
13469 ,K23,3071982-01 ,0001,FORECAST ,000000, 16.000 , 0.000 ,EA , 8.000 ,2010/08/01,Q,P,I,
13469 ,K23,3071982-01 ,0001,FORECAST ,000000, 16.000 , 0.000 ,EA , 8.000 ,2011/04/30,A,P,I,
13469 ,K23,3072019-01 ,0001,4501164908,000010, 48.000 , 0.000 ,EA , 48.000 ,2009/10/02,D,S,S,
13469 ,K23,3074718-01 ,0001,4501240483,000010, 6.000 , 0.000 ,EA , 6.000 ,2009/04/20,D,S,I,
13469 ,K23,30C4721-01 ,0001,5500033916,000010, 6.000 , 0.000 ,EA , 2.000 ,2010/02/01,M,P,I,
13469 ,K23,30C4721-01 ,0001,5500033916,000010, 6.000 , 0.000 ,EA , 4.000 ,2011/04/30,A,P,I,
13469 ,K23,30C4721-01 ,0022,5500042049,000010, 102.000 , 62.000 ,EA , 4.000 ,2009/04/03,D,S,S,
13469 ,K23,30C4721-01 ,0022,5500042049,000010, 102.000 , 0.000 ,EA , 8.000 ,2009/04/11,D,S,S,
13469 ,K23,30C4721-01 ,0022,5500042049,000010, 102.000 , 0.000 ,EA , 2.000 ,2009/04/27,D,S,S,
13469 ,K23,30C4721-01 ,0022,5500042049,000010, 102.000 , 0.000 ,EA , 10.000 ,2009/04/28,D,S,S,
13469 ,K23,30C4721-01 ,0022,5500042049,000010, 102.000 , 0.000 ,EA , 2.000 ,2009/05/14,D,S,S,
13469 ,K23,30C4721-01 ,0022,5500042049,000010, 102.000 , 0.000 ,EA , 6.000 ,2009/05/16,D,S,S,
13469 ,K23,30C4721-01 ,0022,5500042049,000010, 102.000 , 0.000 ,EA , 4.000 ,2009/06/07,D,S,S,
13469 ,K23,30C4721-01 ,0022,5500042049,000010, 102.000 , 0.000 ,EA , 4.000 ,2009/06/15,D,S,S,
13469 ,K23,30C4721-01 ,0022,5500042049,000010, 450.000 , 0.000 ,EA , 4.000 ,2009/06/22,W,P,I,
13469 ,K23,30C4721-01 ,0022,5500042049,000010, 450.000 , 0.000 ,EA , 4.000 ,2009/07/01,M,P,I,
13469 ,K23,30C4721-01 ,0022,5500042049,000010, 450.000 , 0.000 ,EA , 4.000 ,2009/08/01,M,P,I,
13469 ,K23,30C4721-01 ,0022,5500042049,000010, 450.000 , 0.000 ,EA , 8.000 ,2009/09/01,M,P,I,
13469 ,K23,30C4721-01 ,0022,5500042049,000010, 450.000 , 0.000 ,EA , 16.000 ,2009/10/01,M,P,I,
13469 ,K23,30C4721-01 ,0022,5500042049,000010, 450.000 , 0.000 ,EA , 20.000 ,2009/11/01,M,P,I,
13469 ,K23,30C4721-01 ,0022,5500042049,000010, 450.000 , 0.000 ,EA , 8.000 ,2009/12/01,M,P,I,
13469 ,K23,30C4721-01 ,0022,5500042049,000010, 450.000 , 0.000 ,EA , 10.000 ,2010/01/01,M,P,I,
13469 ,K23,30C4721-01 ,0022,5500042049,000010, 450.000 , 0.000 ,EA , 18.000 ,2010/02/01,M,P,I,
13469 ,K23,30C4721-01 ,0022,5500042049,000010, 450.000 , 0.000 ,EA , 16.000 ,2010/03/01,M,P,I,
13469 ,K23,30C4721-01 ,0022,5500042049,000010, 450.000 , 0.000 ,EA , 16.000 ,2010/04/01,M,P,I,
13469 ,K23,30C4721-01 ,0022,5500042049,000010, 450.000 , 0.000 ,EA , 30.000 ,2010/05/01,Q,P,I,
13469 ,K23,30C4721-01 ,0022,5500042049,000010, 450.000 , 0.000 ,EA , 48.000 ,2010/08/01,Q,P,I,
13469 ,K23,30C4721-01 ,0022,5500042049,000010, 450.000 , 0.000 ,EA , 48.000 ,2010/11/01,Q,P,I,
13469 ,K23,30C4721-01 ,0022,5500042049,000010, 450.000 , 0.000 ,EA , 58.000 ,2011/02/01,Q,P,I,
13469 ,K23,30C4721-01 ,0022,5500042049,000010, 450.000 , 0.000 ,EA , 142.000 ,2011/04/30,A,P,I,
13469 ,K23,30C5136-01 ,0001,FORECAST ,000000, 4.000 , 0.000 ,EA , 1.000 ,2010/03/01,M,P,I,
13469 ,K23,30C5136-01 ,0001,FORECAST ,000000, 4.000 , 0.000 ,EA , 1.000 ,2010/11/01,Q,P,I,
13469 ,K23,30C5136-01 ,0001,FORECAST ,000000, 4.000 , 0.000 ,EA , 1.000 ,2011/02/01,Q,P,I,
13469 ,K23,30C5136-01 ,0001,FORECAST ,000000, 4.000 , 0.000 ,EA , 1.000 ,2011/04/30,A,P,I,
13469 ,K23,30C5136-01 ,0022,4501239853,000010, 32.000 , 16.000 ,EA , 16.000 ,2009/06/07,D,S,S,
13469 ,K23,30C5136-01 ,0022,FORECAST ,000000, 96.000 , 0.000 ,EA , 16.000 ,2010/01/01,M,P,I,
13469 ,K23,30C5136-01 ,0022,FORECAST ,000000, 96.000 , 0.000 ,EA , 16.000 ,2010/03/01,M,P,I,
13469 ,K23,30C5136-01 ,0022,FORECAST ,000000, 96.000 , 0.000 ,EA , 16.000 ,2010/08/01,Q,P,I,
13469 ,K23,30C5136-01 ,0022,FORECAST ,000000, 96.000 , 0.000 ,EA , 16.000 ,2011/02/01,Q,P,I,
13469 ,K23,30C5136-01 ,0022,FORECAST ,000000, 96.000 , 0.000 ,EA , 32.000 ,2011/04/30,A,P,I,
13469 ,K23,30C5417-01 ,0001,FORECAST ,000000, 225.000 , 0.000 ,EA , 75.000 ,2010/04/01,M,P,I,
13469 ,K23,30C5417-01 ,0001,FORECAST ,000000, 225.000 , 0.000 ,EA , 75.000 ,2011/02/01,Q,P,I,
13469 ,K23,30C5417-01 ,0001,FORECAST ,000000, 225.000 , 0.000 ,EA , 75.000 ,2011/04/30,A,P,I,
13469 ,K23,30L0923-01 ,0001,4501228592,000010, 2.000 , 0.000 ,EA , 2.000 ,2009/11/12,D,S,I,
13469 ,K23,30L0923-01 ,0001,4501228592,000020, 23.000 , 1.000 ,EA , 1.000 ,2009/04/06,D,S,I,
13469 ,K23,30L0923-01 ,0001,4501228592,000020, 23.000 , 0.000 ,EA , 1.000 ,2009/04/06,D,S,I,
13469 ,K23,30L0923-01 ,0001,4501228592,000020, 23.000 , 0.000 ,EA , 1.000 ,2009/04/09,D,S,I,
13469 ,K23,30L0923-01 ,0001,4501228592,000020, 23.000 , 0.000 ,EA , 1.000 ,2009/04/09,D,S,I,
13469 ,K23,30L0923-01 ,0001,4501228592,000020, 23.000 , 0.000 ,EA , 1.000 ,2009/09/10,D,S,I,
13469 ,K23,30L0923-01 ,0001,4501228592,000020, 23.000 , 0.000 ,EA , 1.000 ,2009/09/10,D,S,I,
13469 ,K23,30L0923-01 ,0001,4501228592,000020, 23.000 , 0.000 ,EA , 1.000 ,2010/01/14,D,S,I,
13469 ,K23,30L0923-01 ,0001,4501228592,000020, 23.000 , 0.000 ,EA , 1.000 ,2010/01/14,D,S,I,
13469 ,K23,30L0923-01 ,0001,4501228592,000020, 23.000 , 0.000 ,EA , 1.000 ,2010/02/15,D,S,I,
13469 ,K23,30L0923-01 ,0001,4501228592,000020, 23.000 , 0.000 ,EA , 1.000 ,2010/02/15,D,S,I,
13469 ,K23,30L0923-01 ,0001,4501228592,000020, 23.000 , 0.000 ,EA , 1.000 ,2010/03/15,D,S,I,
13469 ,K23,30L0923-01 ,0001,4501228592,000020, 23.000 , 0.000 ,EA , 1.000 ,2010/03/15,D,S,I,
13469 ,K23,30L0923-01 ,0001,4501228592,000020, 23.000 , 0.000 ,EA , 1.000 ,2010/03/15,D,S,I,
13469 ,K23,30L0923-01 ,0001,4501228592,000020, 23.000 , 0.000 ,EA , 9.000 ,2010/03/15,D,S,I,
13469 ,K23,30L0925-01 ,0001,4501228626,000010, 2.000 , 0.000 ,EA , 2.000 ,2009/11/12,D,S,I,
13469 ,K23,30L0925-01 ,0001,4501228626,000020, 25.000 , 2.000 ,EA , 5.000 ,2009/04/06,D,S,I,
13469 ,K23,30L0925-01 ,0001,4501228626,000020, 25.000 , 0.000 ,EA , 1.000 ,2009/09/10,D,S,I,
13469 ,K23,30L0925-01 ,0001,4501228626,000020, 25.000 , 0.000 ,EA , 2.000 ,2010/01/14,D,S,I,
13469 ,K23,30L0925-01 ,0001,4501228626,000020, 25.000 , 0.000 ,EA , 4.000 ,2010/02/15,D,S,I,
13469 ,K23,30L0925-01 ,0001,4501228626,000020, 25.000 , 0.000 ,EA , 11.000 ,2010/03/15,D,S,I,
13469 ,K23,30L0936-01 ,0001,4501219155,000010, 2.000 , 1.000 ,EA , 1.000 ,2009/04/09,D,S,I,
13469 ,K23,30L0938-01 ,0001,4501228625,000020, 25.000 , 0.000 ,EA , 1.000 ,2009/04/09,D,S,I,
13469 ,K23,30L0938-01 ,0001,4501228625,000020, 25.000 , 0.000 ,EA , 1.000 ,2009/04/09,D,S,I,
13469 ,K23,30L0938-01 ,0001,4501228625,000020, 25.000 , 0.000 ,EA , 1.000 ,2009/09/10,D,S,I,
13469 ,K23,30L0938-01 ,0001,4501228625,000020, 25.000 , 0.000 ,EA , 1.000 ,2009/09/10,D,S,I,
13469 ,K23,30L0938-01 ,0001,4501228625,000020, 25.000 , 0.000 ,EA , 3.000 ,2009/11/12,D,S,I,
13469 ,K23,30L0938-01 ,0001,4501228625,000020, 25.000 , 0.000 ,EA , 1.000 ,2010/01/14,D,S,I,
13469 ,K23,30L0938-01 ,0001,4501228625,000020, 25.000 , 0.000 ,EA , 1.000 ,2010/02/15,D,S,I,
13469 ,K23,30L0938-01 ,0001,4501228625,000020, 25.000 , 0.000 ,EA , 1.000 ,2010/02/15,D,S,I,
13469 ,K23,30L0938-01 ,0001,4501228625,000020, 25.000 , 0.000 ,EA , 1.000 ,2010/03/15,D,S,I,
13469 ,K23,30L0938-01 ,0001,4501228625,000020, 25.000 , 0.000 ,EA , 1.000 ,2010/03/15,D,S,I,
13469 ,K23,30L0938-01 ,0001,4501228625,000020, 25.000 , 0.000 ,EA , 1.000 ,2010/03/15,D,S,I,
13469 ,K23,30L0938-01 ,0001,4501228625,000020, 25.000 , 0.000 ,EA , 1.000 ,2010/03/15,D,S,I,
13469 ,K23,30L0938-01 ,0001,4501228625,000020, 25.000 , 0.000 ,EA , 10.000 ,2010/04/15,D,S,I,
13469 ,K23,30L0938-01 ,0001,4501228625,000020, 25.000 , 0.000 ,EA , 1.000 ,2010/04/15,D,S,I,
13469 ,K23,30L1011-01 ,0001,4501228612,000010, 2.000 , 0.000 ,EA , 2.000 ,2009/11/12,D,S,I,
13469 ,K23,30L1011-01 ,0001,4501228612,000020, 23.000 , 0.000 ,EA , 1.000 ,2009/04/09,D,S,I,
13469 ,K23,30L1011-01 ,0001,4501228612,000020, 23.000 , 0.000 ,EA , 1.000 ,2009/04/09,D,S,I,
13469 ,K23,30L1011-01 ,0001,4501228612,000020, 23.000 , 0.000 ,EA , 1.000 ,2009/09/10,D,S,I,
13469 ,K23,30L1011-01 ,0001,4501228612,000020, 23.000 , 0.000 ,EA , 1.000 ,2009/09/10,D,S,I,
13469 ,K23,30L1011-01 ,0001,4501228612,000020, 23.000 , 0.000 ,EA , 1.000 ,2010/01/14,D,S,I,
13469 ,K23,30L1011-01 ,0001,4501228612,000020, 23.000 , 0.000 ,EA , 1.000 ,2010/01/14,D,S,I,
13469 ,K23,30L1011-01 ,0001,4501228612,000020, 23.000 , 0.000 ,EA , 1.000 ,2010/02/15,D,S,I,
13469 ,K23,30L1011-01 ,0001,4501228612,000020, 23.000 , 0.000 ,EA , 1.000 ,2010/02/15,D,S,I,
13469 ,K23,30L1011-01 ,0001,4501228612,000020, 23.000 , 0.000 ,EA , 12.000 ,2010/03/15,D,S,I,
13469 ,K23,30L1011-01 ,0001,4501228612,000020, 23.000 , 0.000 ,EA , 1.000 ,2010/03/15,D,S,I,
13469 ,K23,30L1011-01 ,0001,4501228612,000020, 23.000 , 0.000 ,EA , 1.000 ,2010/03/15,D,S,I,
13469 ,K23,30L1011-01 ,0001,4501228612,000020, 23.000 , 0.000 ,EA , 1.000 ,2010/03/15,D,S,I,
13469 ,K23,30P1003-01 ,0001,4501001351,000010, 30.000 , 29.000 ,EA , 1.000 ,2009/05/08,D,S,I,
13469 ,K23,30P1003-01 ,0001,4501196298,000010, 32.000 , 0.000 ,EA , 2.000 ,2008/12/02,D,S,I,
13469 ,K23,30P1003-01 ,0001,4501196298,000010, 32.000 , 3.000 ,EA , 16.000 ,2008/12/02,D,S,I,
13469 ,K23,30P1003-01 ,0001,4501239988,000010, 0.000 , 0.000 ,EA , 32.000 ,2009/03/03,D,S,I,
13469 ,K23,30P1003-01 ,0001,4501259682,000010, 32.000 , 0.000 ,EA , 32.000 ,2009/06/19,D,S,I,
13469 ,K23,30P1003-01 ,0001,4501281393,000010, 32.000 , 0.000 ,EA , 32.000 ,2009/07/01,D,S,S,
13469 ,K23,30P1003-01 ,0001,FORECAST ,000000, 32.000 , 0.000 ,EA , 32.000 ,2010/11/01,Q,P,I,
13469 ,K23,30P1013-01 ,0001,FORECAST ,000000, 14.000 , 0.000 ,EA , 2.000 ,2010/05/01,Q,P,I,
13469 ,K23,30P1013-01 ,0001,FORECAST ,000000, 14.000 , 0.000 ,EA , 2.000 ,2010/11/01,Q,P,I,
13469 ,K23,30P1013-01 ,0001,FORECAST ,000000, 14.000 , 0.000 ,EA , 2.000 ,2011/02/01,Q,P,I,
13469 ,K23,30P1013-01 ,0001,FORECAST ,000000, 14.000 , 0.000 ,EA , 4.000 ,2011/04/30,A,P,I,
13469 ,K23,30P1013-01 ,0001,FORECAST ,000000, 14.000 , 0.000 ,EA , 4.000 ,2012/04/30,A,P,I,
13469 ,K23,30P1013-01 ,0022,4501269146,000010, 48.000 , 0.000 ,EA , 48.000 ,2009/09/08,D,S,S,
13469 ,K23,30P1013-01 ,0022,FORECAST ,000000, 384.000 , 0.000 ,EA , 48.000 ,2010/01/01,M,P,I,
13469 ,K23,30P1013-01 ,0022,FORECAST ,000000, 384.000 , 0.000 ,EA , 48.000 ,2010/02/01,M,P,I,
13469 ,K23,30P1013-01 ,0022,FORECAST ,000000, 384.000 , 0.000 ,EA , 48.000 ,2010/05/01,Q,P,I,
13469 ,K23,30P1013-01 ,0022,FORECAST ,000000, 384.000 , 0.000 ,EA , 48.000 ,2010/08/01,Q,P,I,
13469 ,K23,30P1013-01 ,0022,FORECAST ,000000, 384.000 , 0.000 ,EA , 48.000 ,2011/02/01,Q,P,I,
13469 ,K23,30P1013-01 ,0022,FORECAST ,000000, 384.000 , 0.000 ,EA , 144.000 ,2011/04/30,A,P,I,
13469 ,K23,30P1015-01 ,0001,FORECAST ,000000, 10.000 , 0.000 ,EA , 2.000 ,2009/12/01,M,P,I,
13469 ,K23,30P1015-01 ,0001,FORECAST ,000000, 10.000 , 0.000 ,EA , 2.000 ,2010/05/01,Q,P,I,
13469 ,K23,30P1015-01 ,0001,FORECAST ,000000, 10.000 , 0.000 ,EA , 2.000 ,2010/11/01,Q,P,I,
13469 ,K23,30P1015-01 ,0001,FORECAST ,000000, 10.000 , 0.000 ,EA , 2.000 ,2011/02/01,Q,P,I,
13469 ,K23,30P1015-01 ,0001,FORECAST ,000000, 10.000 , 0.000 ,EA , 2.000 ,2011/04/30,A,P,I,
13469 ,K23,30P1015-01 ,0022,4501235573,000010, 3.000 , 0.000 ,EA , 3.000 ,2009/09/23,D,S,S,
13469 ,K23,30P1015-01 ,0022,4501235573,000030, 1.000 , 0.000 ,EA , 1.000 ,2009/10/02,D,S,S,
13469 ,K23,30P1015-01 ,0022,4501277206,000010, 48.000 , 0.000 ,EA , 48.000 ,2009/10/02,D,S,S,
13469 ,K23,30P1015-01 ,0022,FORECAST ,000000, 336.000 , 0.000 ,EA , 48.000 ,2010/02/01,M,P,I,
13469 ,K23,30P1015-01 ,0022,FORECAST ,000000, 336.000 , 0.000 ,EA , 48.000 ,2010/03/01,M,P,I,
13469 ,K23,30P1015-01 ,0022,FORECAST ,000000, 336.000 , 0.000 ,EA , 48.000 ,2010/08/01,Q,P,I,
13469 ,K23,30P1015-01 ,0022,FORECAST ,000000, 336.000 , 0.000 ,EA , 48.000 ,2010/11/01,Q,P,I,
13469 ,K23,30P1015-01 ,0022,FORECAST ,000000, 336.000 , 0.000 ,EA , 48.000 ,2011/02/01,Q,P,I,
13469 ,K23,30P1015-01 ,0022,FORECAST ,000000, 336.000 , 0.000 ,EA , 96.000 ,2011/04/30,A,P,I,
13469 ,K23,30P1336-01 ,0001,4501188538,000010, 31.000 , 25.000 ,EA , 6.000 ,2009/12/31,D,S,I,
13469 ,K23,30P1336-01 ,0001,4501239992,000010, 32.000 , 0.000 ,EA , 16.000 ,2009/04/08,D,S,S,
13469 ,K23,30P1336-01 ,0001,4501239992,000010, 32.000 , 0.000 ,EA , 16.000 ,2009/06/01,D,S,S,
13469 ,K23,30P1336-01 ,0001,4501259682,000020, 32.000 , 0.000 ,EA , 32.000 ,2009/06/19,D,S,I,
13469 ,K23,30P1336-01 ,0001,4501259728,000010, 32.000 , 0.000 ,EA , 32.000 ,2009/07/23,D,S,I,
13469 ,K23,30P1336-01 ,0001,4501281393,000020, 32.000 , 0.000 ,EA , 32.000 ,2009/07/01,D,S,S,
13469 ,K23,30P1336-01 ,0001,FORECAST ,000000, 20.000 , 0.000 ,EA , 20.000 ,2011/04/30,A,P,I,
13469 ,K23,30P1353-01 ,0001,4501245418,000010, 0.000 , 0.000 ,EA , 40.000 ,2009/04/07,D,S,I,
13469 ,K23,30P1353-01 ,0001,4501281402,000010, 40.000 , 0.000 ,EA , 40.000 ,2009/07/01,D,S,S,
13469 ,K23,30P1353-01 ,0001,FORECAST ,000000, 116.000 , 0.000 ,EA , 19.000 ,2010/08/01,Q,P,I,
13469 ,K23,30P1353-01 ,0001,FORECAST ,000000, 116.000 , 0.000 ,EA , 17.000 ,2010/11/01,Q,P,I,
13469 ,K23,30P1353-01 ,0001,FORECAST ,000000, 116.000 , 0.000 ,EA , 25.000 ,2011/02/01,Q,P,I,
13469 ,K23,30P1353-01 ,0001,FORECAST ,000000, 116.000 , 0.000 ,EA , 55.000 ,2011/04/30,A,P,I,
13469 ,K23,30P1361-01 ,0001,4501165376,000020, 25.000 , 21.000 ,EA , 4.000 ,2009/10/22,D,S,S,
13469 ,K23,30P1361-01 ,0001,4501239994,000010, 26.000 , 22.000 ,EA , 4.000 ,2009/04/02,D,S,I,
13469 ,K23,30P1361-01 ,0001,4501255264,000010, 0.000 , 0.000 ,EA , 21.000 ,2009/04/13,D,S,I,
13469 ,K23,30P1361-01 ,0001,4501281404,000010, 48.000 , 0.000 ,EA , 48.000 ,2009/07/01,D,S,S,
13469 ,K23,30P1361-01 ,0001,FORECAST ,000000, 144.000 , 0.000 ,EA , 24.000 ,2010/05/01,Q,P,I,
13469 ,K23,30P1361-01 ,0001,FORECAST ,000000, 144.000 , 0.000 ,EA , 24.000 ,2010/11/01,Q,P,I,
13469 ,K23,30P1361-01 ,0001,FORECAST ,000000, 144.000 , 0.000 ,EA , 24.000 ,2011/02/01,Q,P,I,
13469 ,K23,30P1361-01 ,0001,FORECAST ,000000, 144.000 , 0.000 ,EA , 72.000 ,2011/04/30,A,P,I,
13469 ,K23,30P1427-01 ,0001,FORECAST ,000000, 20.000 , 0.000 ,EA , 2.000 ,2009/08/01,M,P,I,
13469 ,K23,30P1427-01 ,0001,FORECAST ,000000, 20.000 , 0.000 ,EA , 2.000 ,2010/03/01,M,P,I,
13469 ,K23,30P1427-01 ,0001,FORECAST ,000000, 20.000 , 0.000 ,EA , 2.000 ,2010/05/01,Q,P,I,
13469 ,K23,30P1427-01 ,0001,FORECAST ,000000, 20.000 , 0.000 ,EA , 2.000 ,2010/08/01,Q,P,I,
13469 ,K23,30P1427-01 ,0001,FORECAST ,000000, 20.000 , 0.000 ,EA , 2.000 ,2011/02/01,Q,P,I,
13469 ,K23,30P1427-01 ,0001,FORECAST ,000000, 20.000 , 0.000 ,EA , 6.000 ,2011/04/30,A,P,I,
13469 ,K23,30P1427-01 ,0001,FORECAST ,000000, 20.000 , 0.000 ,EA , 4.000 ,2012/04/30,A,P,I,
13469 ,K23,30P1427-01 ,0022,4501269168,000010, 46.000 , 0.000 ,EA , 46.000 ,2009/09/08,D,S,S,
13469 ,K23,30P1427-01 ,0022,FORECAST ,000000, 348.000 , 0.000 ,EA , 48.000 ,2010/01/01,M,P,I,
13469 ,K23,30P1427-01 ,0022,FORECAST ,000000, 348.000 , 0.000 ,EA , 48.000 ,2010/02/01,M,P,I,
13469 ,K23,30P1427-01 ,0022,FORECAST ,000000, 348.000 , 0.000 ,EA , 48.000 ,2010/05/01,Q,P,I,
13469 ,K23,30P1427-01 ,0022,FORECAST ,000000, 348.000 , 0.000 ,EA , 8.000 ,2010/08/01,Q,P,I,
13469 ,K23,30P1427-01 ,0022,FORECAST ,000000, 348.000 , 0.000 ,EA , 36.000 ,2010/11/01,Q,P,I,
13469 ,K23,30P1427-01 ,0022,FORECAST ,000000, 348.000 , 0.000 ,EA , 48.000 ,2011/02/01,Q,P,I,
13469 ,K23,30P1427-01 ,0022,FORECAST ,000000, 348.000 , 0.000 ,EA , 112.000 ,2011/04/30,A,P,I,
13469 ,K23,30P1460-01 ,0001,5500035341,000010, 556.000 , 514.000 ,EA , 6.000 ,2009/04/06,D,S,S,
13469 ,K23,30P1460-01 ,0001,5500035341,000010, 556.000 , 0.000 ,EA , 6.000 ,2009/04/06,D,S,S,
13469 ,K23,30P1460-01 ,0001,5500035341,000010, 556.000 , 0.000 ,EA , 6.000 ,2009/06/01,D,S,S,
13469 ,K23,30P1460-01 ,0001,5500035341,000010, 556.000 , 0.000 ,EA , 12.000 ,2009/06/04,D,S,S,
13469 ,K23,30P1460-01 ,0001,5500035341,000010, 556.000 , 0.000 ,EA , 6.000 ,2009/09/08,D,P,S,
13469 ,K23,30P1460-01 ,0001,5500035341,000010, 556.000 , 0.000 ,EA , 6.000 ,2009/09/22,D,P,S,
13469 ,K23,30P1460-01 ,0001,5500035341,000010, 354.000 , 0.000 ,EA , 6.000 ,2009/10/01,M,P,I,
13469 ,K23,30P1460-01 ,0001,5500035341,000010, 354.000 , 0.000 ,EA , 12.000 ,2009/11/01,M,P,I,
13469 ,K23,30P1460-01 ,0001,5500035341,000010, 354.000 , 0.000 ,EA , 6.000 ,2009/12/01,M,P,I,
13469 ,K23,30P1460-01 ,0001,5500035341,000010, 354.000 , 0.000 ,EA , 18.000 ,2010/01/01,M,P,I,
13469 ,K23,30P1460-01 ,0001,5500035341,000010, 354.000 , 0.000 ,EA , 12.000 ,2010/02/01,M,P,I,
13469 ,K23,30P1460-01 ,0001,5500035341,000010, 354.000 , 0.000 ,EA , 18.000 ,2010/03/01,M,P,I,
13469 ,K23,30P1460-01 ,0001,5500035341,000010, 354.000 , 0.000 ,EA , 12.000 ,2010/04/01,M,P,I,
13469 ,K23,30P1460-01 ,0001,5500035341,000010, 354.000 , 0.000 ,EA , 24.000 ,2010/05/01,Q,P,I,
13469 ,K23,30P1460-01 ,0001,5500035341,000010, 354.000 , 0.000 ,EA , 48.000 ,2010/08/01,Q,P,I,
13469 ,K23,30P1460-01 ,0001,5500035341,000010, 354.000 , 0.000 ,EA , 36.000 ,2010/11/01,Q,P,I,
13469 ,K23,30P1460-01 ,0001,5500035341,000010, 354.000 , 0.000 ,EA , 48.000 ,2011/02/01,Q,P,I,
13469 ,K23,30P1460-01 ,0001,5500035341,000010, 354.000 , 0.000 ,EA , 114.000 ,2011/04/30,A,P,I,
13469 ,K23,30P1516-01 ,0001,FORECAST ,000000, 16.000 , 0.000 ,EA , 2.000 ,2010/05/01,Q,P,I,
13469 ,K23,30P1516-01 ,0001,FORECAST ,000000, 16.000 , 0.000 ,EA , 2.000 ,2010/11/01,Q,P,I,
13469 ,K23,30P1516-01 ,0001,FORECAST ,000000, 16.000 , 0.000 ,EA , 2.000 ,2011/02/01,Q,P,I,
13469 ,K23,30P1516-01 ,0001,FORECAST ,000000, 16.000 , 0.000 ,EA , 6.000 ,2011/04/30,A,P,I,
13469 ,K23,30P1516-01 ,0001,FORECAST ,000000, 16.000 , 0.000 ,EA , 4.000 ,2012/04/30,A,P,I,
13469 ,K23,30P1516-01 ,0022,4501246505,000010, 50.000 , 0.000 ,EA , 49.000 ,2009/03/31,D,S,S,
13469 ,K23,30P1516-01 ,0022,4501246505,000010, 50.000 , 0.000 ,EA , 1.000 ,2009/06/01,D,S,S,
13469 ,K23,30P1516-01 ,0022,4501277232,000010, 48.000 , 0.000 ,EA , 48.000 ,2009/09/25,D,S,S,
13469 ,K23,30P1516-01 ,0022,FORECAST ,000000, 288.000 , 0.000 ,EA , 48.000 ,2010/03/01,M,P,I,
13469 ,K23,30P1516-01 ,0022,FORECAST ,000000, 288.000 , 0.000 ,EA , 45.000 ,2010/08/01,Q,P,I,
13469 ,K23,30P1516-01 ,0022,FORECAST ,000000, 288.000 , 0.000 ,EA , 36.000 ,2010/11/01,Q,P,I,
13469 ,K23,30P1516-01 ,0022,FORECAST ,000000, 288.000 , 0.000 ,EA , 48.000 ,2011/02/01,Q,P,I,
13469 ,K23,30P1516-01 ,0022,FORECAST ,000000, 288.000 , 0.000 ,EA , 111.000 ,2011/04/30,A,P,I,
13469 ,K23,30P1944-01 ,0001,5500038850,000010, 165.000 , 154.000 ,EA , 5.000 ,2009/09/22,D,P,S,
13469 ,K23,30P1944-01 ,0001,5500038850,000010, 165.000 , 0.000 ,EA , 3.000 ,2009/10/01,D,P,S,
13469 ,K23,30P1944-01 ,0001,5500038850,000010, 165.000 , 0.000 ,EA , 3.000 ,2009/10/26,D,P,S,
13469 ,K23,30P1944-01 ,0001,5500038850,000010, 173.000 , 0.000 ,EA , 10.000 ,2009/12/01,M,P,I,
13469 ,K23,30P1944-01 ,0001,5500038850,000010, 173.000 , 0.000 ,EA , 3.000 ,2010/01/01,M,P,I,
13469 ,K23,30P1944-01 ,0001,5500038850,000010, 173.000 , 0.000 ,EA , 9.000 ,2010/02/01,M,P,I,
13469 ,K23,30P1944-01 ,0001,5500038850,000010, 173.000 , 0.000 ,EA , 7.000 ,2010/03/01,M,P,I,
13469 ,K23,30P1944-01 ,0001,5500038850,000010, 173.000 , 0.000 ,EA , 7.000 ,2010/04/01,M,P,I,
13469 ,K23,30P1944-01 ,0001,5500038850,000010, 173.000 , 0.000 ,EA , 11.000 ,2010/05/01,Q,P,I,
13469 ,K23,30P1944-01 ,0001,5500038850,000010, 173.000 , 0.000 ,EA , 23.000 ,2010/08/01,Q,P,I,
13469 ,K23,30P1944-01 ,0001,5500038850,000010, 173.000 , 0.000 ,EA , 19.000 ,2010/11/01,Q,P,I,
13469 ,K23,30P1944-01 ,0001,5500038850,000010, 173.000 , 0.000 ,EA , 25.000 ,2011/02/01,Q,P,I,
13469 ,K23,30P1944-01 ,0001,5500038850,000010, 173.000 , 0.000 ,EA , 59.000 ,2011/04/30,A,P,I,
13469 ,K23,30P2364-01 ,0001,3500008437,000010, 1.000 , 0.000 ,EA , 1.000 ,2009/07/02,D,S,I,
13469 ,K23,30P2364-01 ,0001,4501001309,000010, 24.000 , 23.000 ,EA , 1.000 ,2010/06/04,D,S,S,
13469 ,K23,30P2364-01 ,0001,4501059477,000010, 22.000 , 21.000 ,EA , 1.000 ,2011/01/04,D,S,S,
13469 ,K23,30P2364-01 ,0001,4501113464,000010, 24.000 , 23.000 ,EA , 1.000 ,2011/06/06,D,S,S,
13469 ,K23,30P2364-01 ,0001,FORECAST ,000000, 3.000 , 0.000 ,EA , 1.000 ,2011/04/30,A,P,I,
13469 ,K23,30P2364-01 ,0001,FORECAST ,000000, 3.000 , 0.000 ,EA , 2.000 ,2012/04/30,A,P,I,
13469 ,K23,30P2364-01 ,0022,4501235582,000020, 24.000 , 20.000 ,EA , 4.000 ,2009/10/01,D,S,S,
13469 ,K23,30P2364-01 ,0022,4501259592,000010, 24.000 , 0.000 ,EA , 24.000 ,2009/04/16,D,S,I,
13469 ,K23,30P2364-01 ,0022,FORECAST ,000000, 164.000 , 0.000 ,EA , 24.000 ,2009/10/01,M,P,I,
13469 ,K23,30P2364-01 ,0022,FORECAST ,000000, 164.000 , 0.000 ,EA , 24.000 ,2010/03/01,M,P,I,
13469 ,K23,30P2364-01 ,0022,FORECAST ,000000, 164.000 , 0.000 ,EA , 19.000 ,2010/08/01,Q,P,I,
13469 ,K23,30P2364-01 ,0022,FORECAST ,000000, 164.000 , 0.000 ,EA , 17.000 ,2010/11/01,Q,P,I,
13469 ,K23,30P2364-01 ,0022,FORECAST ,000000, 164.000 , 0.000 ,EA , 25.000 ,2011/02/01,Q,P,I,
13469 ,K23,30P2364-01 ,0022,FORECAST ,000000, 164.000 , 0.000 ,EA , 55.000 ,2011/04/30,A,P,I,
13469 ,K23,3101207-03 ,0001,4501116261,000010, 0.000 , 0.000 ,EA , 2.000 ,2009/02/15,D,S,I,
13469 ,K23,3101207-03 ,0001,4501133613,000010, 0.000 , 0.000 ,EA , 10.000 ,2009/01/15,D,S,I,
13469 ,K23,3102135-03 ,0001,4501115867,000010, 40.000 , 0.000 ,EA , 4.000 ,2008/11/27,D,S,S,
13469 ,K23,3102135-03 ,0001,4501115867,000010, 40.000 , 0.000 ,EA , 16.000 ,2009/04/10,D,S,S,
13469 ,K23,3102135-03 ,0001,4501115867,000010, 40.000 , 0.000 ,EA , 20.000 ,2009/04/27,D,S,S,
13469 ,K23,3102135-03 ,0001,4501115867,000020, 0.000 , 0.000 ,EA , 40.000 ,2009/05/01,D,S,I,
13469 ,K23,3105735-01 ,0001,4501116216,000010, 60.000 , 0.000 ,EA , 40.000 ,2008/12/05,D,S,I,
13469 ,K23,3105735-01 ,0001,4501116216,000010, 60.000 , 4.000 ,EA , 16.000 ,2008/12/05,D,S,I,
13469 ,K23,3105735-01 ,0001,4501116216,000020, 0.000 , 0.000 ,EA , 85.000 ,2009/02/15,D,S,I,
13469 ,K23,3105735-01 ,0001,4501116216,000040, 1.000 , 0.000 ,EA , 1.000 ,2009/12/31,D,S,I,
13469 ,K23,3105774-01 ,0001,4501196494,000010, 0.000 , 0.000 ,EA , 10.000 ,2009/02/01,D,S,I,
13469 ,K23,3105983-02 ,0001,4501287486,000010, 30.000 , 0.000 ,EA , 30.000 ,2009/05/28,D,S,A,
13469 ,K23,3105983-02 ,0001,FORECAST ,000000, 91.000 , 0.000 ,EA , 30.000 ,2009/11/01,M,P,I,
13469 ,K23,3105983-02 ,0001,FORECAST ,000000, 91.000 , 0.000 ,EA , 8.000 ,2010/08/01,Q,P,I,
13469 ,K23,3105983-02 ,0001,FORECAST ,000000, 91.000 , 0.000 ,EA , 9.000 ,2010/11/01,Q,P,I,
13469 ,K23,3105983-02 ,0001,FORECAST ,000000, 91.000 , 0.000 ,EA , 8.000 ,2011/02/01,Q,P,I,
13469 ,K23,3105983-02 ,0001,FORECAST ,000000, 91.000 , 0.000 ,EA , 25.000 ,2011/04/30,A,P,I,
13469 ,K23,3105983-02 ,0001,FORECAST ,000000, 91.000 , 0.000 ,EA , 11.000 ,2012/04/30,A,P,I,
13469 ,K23,3107909-01 ,0001,4501092782,000010, 10.000 , 9.000 ,EA , 1.000 ,2009/05/07,D,S,I,
13469 ,K23,3107909-01 ,0001,4501219159,000010, 10.000 , 0.000 ,EA , 7.000 ,2009/05/29,D,S,S,
13469 ,K23,3107909-01 ,0001,4501219159,000010, 10.000 , 0.000 ,EA , 3.000 ,2009/06/25,D,S,S,
13469 ,K23,3107909-01 ,0001,FORECAST ,000000, 80.000 , 0.000 ,EA , 10.000 ,2009/07/01,M,P,I,
13469 ,K23,3107909-01 ,0001,FORECAST ,000000, 80.000 , 0.000 ,EA , 10.000 ,2009/12/01,M,P,I,
13469 ,K23,3107909-01 ,0001,FORECAST ,000000, 80.000 , 0.000 ,EA , 10.000 ,2010/03/01,M,P,I,
13469 ,K23,3107909-01 ,0001,FORECAST ,000000, 80.000 , 0.000 ,EA , 10.000 ,2010/05/01,Q,P,I,
13469 ,K23,3107909-01 ,0001,FORECAST ,000000, 80.000 , 0.000 ,EA , 10.000 ,2010/08/01,Q,P,I,
13469 ,K23,3107909-01 ,0001,FORECAST ,000000, 80.000 , 0.000 ,EA , 10.000 ,2011/02/01,Q,P,I,
13469 ,K23,3107909-01 ,0001,FORECAST ,000000, 80.000 , 0.000 ,EA , 20.000 ,2011/04/30,A,P,I,
13469 ,K23,3110869-01 ,0001,5500021192,000010, 42.000 , 0.000 ,EA , 2.000 ,2009/09/01,M,P,I,
13469 ,K23,3110869-01 ,0001,5500021192,000010, 42.000 , 0.000 ,EA , 2.000 ,2010/01/01,M,P,I,
13469 ,K23,3110869-01 ,0001,5500021192,000010, 42.000 , 0.000 ,EA , 2.000 ,2010/02/01,M,P,I,
13469 ,K23,3110869-01 ,0001,5500021192,000010, 42.000 , 0.000 ,EA , 1.000 ,2010/03/01,M,P,I,
13469 ,K23,3110869-01 ,0001,5500021192,000010, 42.000 , 0.000 ,EA , 2.000 ,2010/04/01,M,P,I,
13469 ,K23,3110869-01 ,0001,5500021192,000010, 42.000 , 0.000 ,EA , 3.000 ,2010/05/01,Q,P,I,
13469 ,K23,3110869-01 ,0001,5500021192,000010, 42.000 , 0.000 ,EA , 3.000 ,2010/08/01,Q,P,I,
13469 ,K23,3110869-01 ,0001,5500021192,000010, 42.000 , 0.000 ,EA , 3.000 ,2010/11/01,Q,P,I,
13469 ,K23,3110869-01 ,0001,5500021192,000010, 42.000 , 0.000 ,EA , 5.000 ,2011/02/01,Q,P,I,
13469 ,K23,3110869-01 ,0001,5500021192,000010, 42.000 , 0.000 ,EA , 12.000 ,2011/04/30,A,P,I,
13469 ,K23,3110869-01 ,0001,5500021192,000010, 42.000 , 0.000 ,EA , 7.000 ,2012/04/30,A,P,I,
13469 ,K23,3110870-01 ,0001,4501286493,000010, 41.000 , 0.000 ,EA , 4.000 ,2009/04/22,D,S,A,
13469 ,K23,3110870-01 ,0001,4501286493,000010, 41.000 , 0.000 ,EA , 2.000 ,2009/04/28,D,S,A,
13469 ,K23,3110870-01 ,0001,4501286493,000010, 41.000 , 0.000 ,EA , 2.000 ,2009/05/27,D,S,A,
13469 ,K23,3110870-01 ,0001,4501286493,000010, 41.000 , 0.000 ,EA , 4.000 ,2009/05/29,D,S,A,
13469 ,K23,3110870-01 ,0001,4501286493,000010, 41.000 , 0.000 ,EA , 4.000 ,2009/06/26,D,S,A,
13469 ,K23,3110870-01 ,0001,4501286493,000010, 41.000 , 0.000 ,EA , 2.000 ,2009/06/30,D,S,A,
13469 ,K23,3110870-01 ,0001,4501286493,000010, 41.000 , 0.000 ,EA , 2.000 ,2009/06/30,D,S,A,
13469 ,K23,3110870-01 ,0001,4501286493,000010, 41.000 , 0.000 ,EA , 2.000 ,2009/08/13,D,S,A,
13469 ,K23,3110870-01 ,0001,4501286493,000010, 41.000 , 0.000 ,EA , 2.000 ,2009/08/13,D,S,A,
13469 ,K23,3110870-01 ,0001,4501286493,000010, 41.000 , 0.000 ,EA , 2.000 ,2009/08/27,D,S,A,
13469 ,K23,3110870-01 ,0001,4501286493,000010, 41.000 , 0.000 ,EA , 2.000 ,2009/08/27,D,S,A,
13469 ,K23,3110870-01 ,0001,4501286493,000010, 41.000 , 0.000 ,EA , 2.000 ,2009/09/21,D,S,A,
13469 ,K23,3110870-01 ,0001,4501286493,000010, 41.000 , 0.000 ,EA , 2.000 ,2009/09/21,D,S,A,
13469 ,K23,3110870-01 ,0001,4501286493,000010, 41.000 , 0.000 ,EA , 2.000 ,2009/09/28,D,S,A,
13469 ,K23,3110870-01 ,0001,4501286493,000010, 41.000 , 0.000 ,EA , 2.000 ,2009/10/28,D,S,A,
13469 ,K23,3110870-01 ,0001,4501286493,000010, 41.000 , 0.000 ,EA , 4.000 ,2009/11/04,D,S,A,
13469 ,K23,3110870-01 ,0001,4501286493,000010, 41.000 , 0.000 ,EA , 1.000 ,2009/11/26,D,S,A,
13469 ,K23,3110870-01 ,0001,FORECAST ,000000, 104.000 , 0.000 ,EA , 4.000 ,2009/11/01,M,P,I,
13469 ,K23,3110870-01 ,0001,FORECAST ,000000, 104.000 , 0.000 ,EA , 4.000 ,2010/01/01,M,P,I,
13469 ,K23,3110870-01 ,0001,FORECAST ,000000, 104.000 , 0.000 ,EA , 4.000 ,2010/02/01,M,P,I,
13469 ,K23,3110870-01 ,0001,FORECAST ,000000, 104.000 , 0.000 ,EA , 4.000 ,2010/03/01,M,P,I,
13469 ,K23,3110870-01 ,0001,FORECAST ,000000, 104.000 , 0.000 ,EA , 4.000 ,2010/04/01,M,P,I,
13469 ,K23,3110870-01 ,0001,FORECAST ,000000, 104.000 , 0.000 ,EA , 12.000 ,2010/05/01,Q,P,I,
13469 ,K23,3110870-01 ,0001,FORECAST ,000000, 104.000 , 0.000 ,EA , 12.000 ,2010/08/01,Q,P,I,
13469 ,K23,3110870-01 ,0001,FORECAST ,000000, 104.000 , 0.000 ,EA , 8.000 ,2010/11/01,Q,P,I,
13469 ,K23,3110870-01 ,0001,FORECAST ,000000, 104.000 , 0.000 ,EA , 8.000 ,2011/02/01,Q,P,I,
13469 ,K23,3110870-01 ,0001,FORECAST ,000000, 104.000 , 0.000 ,EA , 32.000 ,2011/04/30,A,P,I,
13469 ,K23,3110870-01 ,0001,FORECAST ,000000, 104.000 , 0.000 ,EA , 12.000 ,2012/04/30,A,P,I,
13469 ,K23,3111913-01 ,0001,4501115223,000010, 0.000 , 0.000 ,EA , 16.000 ,2008/10/02,D,S,I,
13469 ,K23,3111913-01 ,0001,4501115223,000010, 0.000 , 0.000 ,EA , 10.000 ,2008/10/02,D,S,I,
13469 ,K23,3111913-01 ,0001,4501115223,000020, 0.000 , 0.000 ,EA , 85.000 ,2008/11/15,D,S,I,
13469 ,K23,3113636-01 ,0001,4501286408,000010, 192.000 , 0.000 ,EA , 9.000 ,2009/04/15,D,S,A,
13469 ,K23,3113636-01 ,0001,4501286408,000010, 192.000 , 0.000 ,EA , 11.000 ,2009/04/28,D,S,A,
13469 ,K23,3113636-01 ,0001,4501286408,000010, 192.000 , 0.000 ,EA , 16.000 ,2009/05/13,D,S,A,
13469 ,K23,3113636-01 ,0001,4501286408,000010, 192.000 , 0.000 ,EA , 12.000 ,2009/06/05,D,S,A,
13469 ,K23,3113636-01 ,0001,4501286408,000010, 192.000 , 0.000 ,EA , 2.000 ,2009/06/05,D,S,A,
13469 ,K23,3113636-01 ,0001,4501286408,000010, 192.000 , 0.000 ,EA , 9.000 ,2009/06/26,D,S,A,
13469 ,K23,3113636-01 ,0001,4501286408,000010, 192.000 , 0.000 ,EA , 5.000 ,2009/07/22,D,S,A,
13469 ,K23,3113636-01 ,0001,4501286408,000010, 192.000 , 0.000 ,EA , 17.000 ,2009/08/25,D,S,A,
13469 ,K23,3113636-01 ,0001,4501286408,000010, 192.000 , 0.000 ,EA , 6.000 ,2009/09/16,D,S,A,
13469 ,K23,3113636-01 ,0001,4501286408,000010, 192.000 , 0.000 ,EA , 11.000 ,2009/09/28,D,S,A,
13469 ,K23,3113636-01 ,0001,4501286408,000010, 192.000 , 0.000 ,EA , 9.000 ,2009/10/14,D,S,A,
13469 ,K23,3113636-01 ,0001,4501286408,000010, 192.000 , 0.000 ,EA , 10.000 ,2009/10/28,D,S,A,
13469 ,K23,3113636-01 ,0001,4501286408,000010, 192.000 , 0.000 ,EA , 9.000 ,2009/11/11,D,S,A,
13469 ,K23,3113636-01 ,0001,4501286408,000010, 192.000 , 0.000 ,EA , 17.000 ,2009/11/26,D,S,A,
13469 ,K23,3113636-01 ,0001,4501286408,000010, 192.000 , 0.000 ,EA , 8.000 ,2009/12/16,D,S,A,
13469 ,K23,3113636-01 ,0001,4501286408,000010, 192.000 , 0.000 ,EA , 9.000 ,2010/01/06,D,S,A,
13469 ,K23,3113636-01 ,0001,4501286408,000010, 192.000 , 0.000 ,EA , 14.000 ,2010/01/20,D,S,A,
13469 ,K23,3113636-01 ,0001,4501286408,000010, 192.000 , 0.000 ,EA , 11.000 ,2010/02/03,D,S,A,
13469 ,K23,3113636-01 ,0001,4501286408,000010, 192.000 , 0.000 ,EA , 7.000 ,2010/02/17,D,S,A,
13469 ,K23,3113636-01 ,0001,FORECAST ,000000, 464.000 , 0.000 ,EA , 5.000 ,2010/02/01,M,P,I,
13469 ,K23,3113636-01 ,0001,FORECAST ,000000, 464.000 , 0.000 ,EA , 31.000 ,2010/03/01,M,P,I,
13469 ,K23,3113636-01 ,0001,FORECAST ,000000, 464.000 , 0.000 ,EA , 22.000 ,2010/04/01,M,P,I,
13469 ,K23,3113636-01 ,0001,FORECAST ,000000, 464.000 , 0.000 ,EA , 41.000 ,2010/05/01,Q,P,I,
13469 ,K23,3113636-01 ,0001,FORECAST ,000000, 464.000 , 0.000 ,EA , 68.000 ,2010/08/01,Q,P,I,
13469 ,K23,3113636-01 ,0001,FORECAST ,000000, 464.000 , 0.000 ,EA , 74.000 ,2010/11/01,Q,P,I,
13469 ,K23,3113636-01 ,0001,FORECAST ,000000, 464.000 , 0.000 ,EA , 70.000 ,2011/02/01,Q,P,I,
13469 ,K23,3113636-01 ,0001,FORECAST ,000000, 464.000 , 0.000 ,EA , 153.000 ,2011/04/30,A,P,I,
13469 ,K23,3114916-01 ,0001,4501061778,000010, 29.000 , 28.000 ,EA , 1.000 ,2010/08/17,D,S,I,
13469 ,K23,3114916-01 ,0001,4501145640,000010, 0.000 , 14.000 ,EA , 1.000 ,2009/10/07,D,S,I,
13469 ,K23,3114916-01 ,0001,4501145640,000010, 0.000 , 0.000 ,EA , 1.000 ,2009/10/07,D,S,I,
13469 ,K23,3114916-01 ,0001,FORECAST ,000000, 12.000 , 0.000 ,EA , 6.000 ,2010/08/01,Q,P,I,
13469 ,K23,3114916-01 ,0001,FORECAST ,000000, 12.000 , 0.000 ,EA , 6.000 ,2010/11/01,Q,P,I,
13469 ,K23,3119124-01 ,0001,4501133599,000010, 0.000 , 0.000 ,EA , 5.000 ,2009/03/01,D,S,I,
13469 ,K23,3119124-01 ,0001,FORECAST ,000000, 33.000 , 0.000 ,EA , 1.000 ,2009/08/01,M,P,I,
13469 ,K23,3119124-01 ,0001,FORECAST ,000000, 33.000 , 0.000 ,EA , 2.000 ,2009/09/01,M,P,I,
13469 ,K23,3119124-01 ,0001,FORECAST ,000000, 33.000 , 0.000 ,EA , 3.000 ,2009/10/01,M,P,I,
13469 ,K23,3119124-01 ,0001,FORECAST ,000000, 33.000 , 0.000 ,EA , 1.000 ,2009/11/01,M,P,I,
13469 ,K23,3119124-01 ,0001,FORECAST ,000000, 33.000 , 0.000 ,EA , 3.000 ,2009/12/01,M,P,I,
13469 ,K23,3119124-01 ,0001,FORECAST ,000000, 33.000 , 0.000 ,EA , 2.000 ,2010/03/01,M,P,I,
13469 ,K23,3119124-01 ,0001,FORECAST ,000000, 33.000 , 0.000 ,EA , 2.000 ,2010/04/01,M,P,I,
13469 ,K23,3119124-01 ,0001,FORECAST ,000000, 33.000 , 0.000 ,EA , 4.000 ,2010/05/01,Q,P,I,
13469 ,K23,3119124-01 ,0001,FORECAST ,000000, 33.000 , 0.000 ,EA , 3.000 ,2010/08/01,Q,P,I,
13469 ,K23,3119124-01 ,0001,FORECAST ,000000, 33.000 , 0.000 ,EA , 2.000 ,2010/11/01,Q,P,I,
13469 ,K23,3119124-01 ,0001,FORECAST ,000000, 33.000 , 0.000 ,EA , 3.000 ,2011/02/01,Q,P,I,
13469 ,K23,3119124-01 ,0001,FORECAST ,000000, 33.000 , 0.000 ,EA , 7.000 ,2011/04/30,A,P,I,
13469 ,K23,3120281-01 ,0001,4501146141,000020, 15.000 , 0.000 ,EA , 15.000 ,2009/04/17,D,S,I,
13469 ,K23,3120987-01 ,0001,4501115028,000010, 18.000 , 0.000 ,EA , 14.000 ,2008/10/16,D,S,I,
13469 ,K23,3120987-01 ,0001,4501115028,000010, 18.000 , 0.000 ,EA , 4.000 ,2008/10/16,D,S,I,
13469 ,K23,3120987-01 ,0001,4501115028,000020, 0.000 , 0.000 ,EA , 85.000 ,2008/11/30,D,S,I,
13469 ,K23,3120987-01 ,0001,4501115034,000010, 0.000 , 0.000 ,EA , 48.000 ,2009/03/01,D,S,I,
13469 ,K23,3121590-01 ,0001,4501146144,000020, 0.000 , 0.000 ,EA , 10.000 ,2008/11/01,D,S,I,
13469 ,K23,31B1445-01 ,0001,4501116400,000010, 30.000 , 4.000 ,EA , 26.000 ,2009/04/17,D,S,I,
13469 ,K23,31B1445-01 ,0001,4501116400,000020, 52.000 , 0.000 ,EA , 52.000 ,2009/07/15,D,S,I,
13469 ,K23,31J2864-01 ,0001,4501146151,000010, 50.000 , 5.000 ,EA , 45.000 ,2008/10/01,D,S,I,
13469 ,K23,3902113-01 ,0001,4501242525,000010, 5.000 , 0.000 ,EA , 5.000 ,2009/05/10,D,S,I,
13469 ,K23,3910025-01 ,0001,4501146156,000020, 15.000 , 4.000 ,EA , 11.000 ,2008/11/19,D,S,I,
13469 ,K23,3910025-01 ,0001,4501146156,000040, 4.000 , 0.000 ,EA , 1.000 ,2009/01/09,D,S,I,
13469 ,K23,3910025-01 ,0001,4501146156,000050, 0.000 , 0.000 ,EA , 1.000 ,2009/01/09,D,S,I,
13469 ,K23,3910025-01 ,0001,4501146156,000060, 0.000 , 0.000 ,EA , 1.000 ,2009/01/09,D,S,I,
13469 ,K23,3910025-01 ,0001,4501181442,000010, 0.000 , 0.000 ,EA , 10.000 ,2008/11/05,D,S,I,
13469 ,K23,3910025-01 ,0001,4501190451,000010, 0.000 , 0.000 ,EA , 10.000 ,2008/11/07,D,S,I,
13469 ,K23,3910025-01 ,0001,4501217746,000010, 10.000 , 0.000 ,EA , 10.000 ,2009/11/30,D,S,I,
13469 ,K23,3910025-01 ,0001,FORECAST ,000000, 60.000 , 0.000 ,EA , 10.000 ,2010/05/01,Q,P,I,
13469 ,K23,3910025-01 ,0001,FORECAST ,000000, 60.000 , 0.000 ,EA , 10.000 ,2010/11/01,Q,P,I,
13469 ,K23,3910025-01 ,0001,FORECAST ,000000, 60.000 , 0.000 ,EA , 10.000 ,2011/02/01,Q,P,I,
13469 ,K23,3910025-01 ,0001,FORECAST ,000000, 60.000 , 0.000 ,EA , 20.000 ,2011/04/30,A,P,I,
13469 ,K23,3910025-01 ,0001,FORECAST ,000000, 60.000 , 0.000 ,EA , 10.000 ,2012/04/30,A,P,I,
13469 ,K23,MD3063163 ,0001,5500023132,000010, 494.000 , 454.000 ,EA , 8.000 ,2009/04/23,D,S,S,
13469 ,K23,MD3063163 ,0001,5500023132,000010, 494.000 , 0.000 ,EA , 8.000 ,2009/05/08,D,S,S,
13469 ,K23,MD3063163 ,0001,5500023132,000010, 494.000 , 0.000 ,EA , 8.000 ,2009/06/03,D,S,S,
13469 ,K23,MD3063163 ,0001,5500023132,000010, 494.000 , 0.000 ,EA , 8.000 ,2009/06/30,D,S,S,
13469 ,K23,MD3063163 ,0001,5500023132,000010, 494.000 , 0.000 ,EA , 8.000 ,2009/07/22,D,P,S,
13469 ,K23,MD3063163 ,0001,5500023132,000010, 304.000 , 0.000 ,EA , 8.000 ,2009/08/01,M,P,I,
13469 ,K23,MD3063163 ,0001,5500023132,000010, 304.000 , 0.000 ,EA , 8.000 ,2009/09/01,M,P,I,
13469 ,K23,MD3063163 ,0001,5500023132,000010, 304.000 , 0.000 ,EA , 16.000 ,2009/10/01,M,P,I,
13469 ,K23,MD3063163 ,0001,5500023132,000010, 304.000 , 0.000 ,EA , 16.000 ,2009/11/01,M,P,I,
13469 ,K23,MD3063163 ,0001,5500023132,000010, 304.000 , 0.000 ,EA , 8.000 ,2009/12/01,M,P,I,
13469 ,K23,MD3063163 ,0001,5500023132,000010, 304.000 , 0.000 ,EA , 8.000 ,2010/01/01,M,P,I,
13469 ,K23,MD3063163 ,0001,5500023132,000010, 304.000 , 0.000 ,EA , 8.000 ,2010/02/01,M,P,I,
13469 ,K23,MD3063163 ,0001,5500023132,000010, 304.000 , 0.000 ,EA , 8.000 ,2010/03/01,M,P,I,
13469 ,K23,MD3063163 ,0001,5500023132,000010, 304.000 , 0.000 ,EA , 16.000 ,2010/04/01,M,P,I,
13469 ,K23,MD3063163 ,0001,5500023132,000010, 304.000 , 0.000 ,EA , 24.000 ,2010/05/01,Q,P,I,
13469 ,K23,MD3063163 ,0001,5500023132,000010, 304.000 , 0.000 ,EA , 32.000 ,2010/08/01,Q,P,I,
13469 ,K23,MD3063163 ,0001,5500023132,000010, 304.000 , 0.000 ,EA , 40.000 ,2010/11/01,Q,P,I,
13469 ,K23,MD3063163 ,0001,5500023132,000010, 304.000 , 0.000 ,EA , 48.000 ,2011/02/01,Q,P,I,
13469 ,K23,MD3063163 ,0001,5500023132,000010, 304.000 , 0.000 ,EA , 64.000 ,2011/04/30,A,P,I,
13469 ,K23,ST6121-01 ,0001,4500872825,000010, 360.000 , 268.000 ,EA , 92.000 ,2010/03/04,D,S,S,
13469 ,K23,ST6121-01 ,0001,4501078614,000010, 229.000 , 0.000 ,EA , 49.000 ,2010/04/22,D,S,S,
13469 ,K23,ST6121-01 ,0001,4501078614,000010, 229.000 , 0.000 ,EA , 36.000 ,2010/05/14,D,S,S,
13469 ,K23,ST6121-01 ,0001,4501078614,000010, 229.000 , 0.000 ,EA , 36.000 ,2010/05/21,D,S,S,
13469 ,K23,ST6121-01 ,0001,4501078614,000010, 229.000 , 0.000 ,EA , 36.000 ,2010/06/03,D,S,S,
13469 ,K23,ST6121-01 ,0001,4501078614,000010, 229.000 , 0.000 ,EA , 36.000 ,2010/08/12,D,S,S,
13469 ,K23,ST6121-01 ,0001,4501078614,000010, 229.000 , 0.000 ,EA , 36.000 ,2010/08/12,D,S,S,
13469 ,K23,ST6121-01 ,0001,FORECAST ,000000, 1074.000 , 0.000 ,EA , 104.000 ,2010/08/01,Q,P,I,
13469 ,K23,ST6121-01 ,0001,FORECAST ,000000, 1074.000 , 0.000 ,EA , 170.000 ,2010/11/01,Q,P,I,
13469 ,K23,ST6121-01 ,0001,FORECAST ,000000, 1074.000 , 0.000 ,EA , 250.000 ,2011/02/01,Q,P,I,
13469 ,K23,ST6121-01 ,0001,FORECAST ,000000, 1074.000 , 0.000 ,EA , 550.000 ,2011/04/30,A,P,I,
13469 ,K31,03XESK28373CL10 ,0102,4501223657,000010, 0.000 , 0.000 ,EA , 1.000 ,2008/12/17,D,S,I,
13469 ,K31,3072614-01 ,0102,4501275293,000010, 30.000 , 12.000 ,EA , 3.000 ,2009/03/12,D,S,S,
13469 ,K31,3072614-01 ,0102,4501275293,000010, 30.000 , 0.000 ,EA , 15.000 ,2009/05/13,D,S,S,
13469 ,K31,3072614-01 ,0102,4501275293,000020, 30.000 , 0.000 ,EA , 30.000 ,2009/06/13,D,S,I,
13469 ,K31,3072614-01 ,0102,4501275293,000030, 30.000 , 0.000 ,EA , 30.000 ,2009/07/13,D,S,I,
13469 ,K31,3072614-01 ,0102,4501275293,000040, 30.000 , 0.000 ,EA , 30.000 ,2009/08/13,D,S,I,
13469 ,K31,3072615-01 ,0102,4501202188,000020, 0.000 , 0.000 ,EA , 20.000 ,2008/12/15,D,S,I,
13469 ,K31,3072615-01 ,0102,4501202188,000030, 0.000 , 0.000 ,EA , 20.000 ,2008/12/15,D,S,I,
13469 ,K31,3073844-01 ,0102,4501195467,000030, 1.000 , 0.000 ,EA , 1.000 ,2009/04/27,D,S,I,
13469 ,K31,3073844-01 ,0102,4501195467,000040, 1.000 , 0.000 ,EA , 1.000 ,2010/11/26,D,S,I,
13469 ,K31,3073844-01 ,0102,4501195467,000070, 1.000 , 0.000 ,EA , 1.000 ,2010/11/26,D,S,I,
13469 ,K31,3074718-01 ,0001,FORECAST ,000000, 782.000 , 0.000 ,EA , 2.000 ,2009/06/08,W,P,I,
13469 ,K31,3074718-01 ,0001,FORECAST ,000000, 782.000 , 0.000 ,EA , 6.000 ,2009/08/01,M,P,I,
13469 ,K31,3074718-01 ,0001,FORECAST ,000000, 782.000 , 0.000 ,EA , 6.000 ,2009/09/01,M,P,I,
13469 ,K31,3074718-01 ,0001,FORECAST ,000000, 782.000 , 0.000 ,EA , 12.000 ,2009/10/01,M,P,I,
13469 ,K31,3074718-01 ,0001,FORECAST ,000000, 782.000 , 0.000 ,EA , 18.000 ,2009/11/01,M,P,I,
13469 ,K31,3074718-01 ,0001,FORECAST ,000000, 782.000 , 0.000 ,EA , 15.000 ,2009/12/01,M,P,I,
13469 ,K31,3074718-01 ,0001,FORECAST ,000000, 782.000 , 0.000 ,EA , 21.000 ,2010/01/01,M,P,I,
13469 ,K31,3074718-01 ,0001,FORECAST ,000000, 782.000 , 0.000 ,EA , 18.000 ,2010/02/01,M,P,I,
13469 ,K31,3074718-01 ,0001,FORECAST ,000000, 782.000 , 0.000 ,EA , 30.000 ,2010/03/01,M,P,I,
13469 ,K31,3074718-01 ,0001,FORECAST ,000000, 782.000 , 0.000 ,EA , 30.000 ,2010/04/01,M,P,I,
13469 ,K31,3074718-01 ,0001,FORECAST ,000000, 782.000 , 0.000 ,EA , 72.000 ,2010/05/01,Q,P,I,
13469 ,K31,3074718-01 ,0001,FORECAST ,000000, 782.000 , 0.000 ,EA , 96.000 ,2010/08/01,Q,P,I,
13469 ,K31,3074718-01 ,0001,FORECAST ,000000, 782.000 , 0.000 ,EA , 90.000 ,2010/11/01,Q,P,I,
13469 ,K31,3074718-01 ,0001,FORECAST ,000000, 782.000 , 0.000 ,EA , 96.000 ,2011/02/01,Q,P,I,
13469 ,K31,3074718-01 ,0001,FORECAST ,000000, 782.000 , 0.000 ,EA , 270.000 ,2011/04/30,A,P,I,
13469 ,K31,30C5410-01 ,0102,4501195565,000010, 0.000 , 0.000 ,EA , 2.000 ,2009/02/28,D,S,I,
13469 ,K31,30C5417-01 ,0001,4501038520,000020, 40.000 , 32.000 ,EA , 7.000 ,2010/03/24,D,S,S,
13469 ,K31,30C5417-01 ,0001,4501038520,000020, 40.000 , 0.000 ,EA , 1.000 ,2010/04/22,D,S,S,
13469 ,K31,30C5417-01 ,0001,4501121810,000010, 115.000 , 45.000 ,EA , 5.000 ,2009/04/02,D,S,S,
13469 ,K31,30C5417-01 ,0001,4501121810,000010, 115.000 , 0.000 ,EA , 5.000 ,2009/04/23,D,S,S,
13469 ,K31,30C5417-01 ,0001,4501121810,000010, 115.000 , 0.000 ,EA , 5.000 ,2009/05/14,D,S,S,
13469 ,K31,30C5417-01 ,0001,4501121810,000010, 115.000 , 0.000 ,EA , 2.000 ,2009/05/26,D,S,S,
13469 ,K31,30C5417-01 ,0001,4501121810,000010, 115.000 , 0.000 ,EA , 5.000 ,2009/07/07,D,S,S,
13469 ,K31,30C5417-01 ,0001,4501121810,000010, 115.000 , 0.000 ,EA , 3.000 ,2009/08/13,D,S,S,
13469 ,K31,30C5417-01 ,0001,4501121810,000010, 115.000 , 0.000 ,EA , 5.000 ,2009/09/17,D,S,S,
13469 ,K31,30C5417-01 ,0001,4501121810,000010, 115.000 , 0.000 ,EA , 40.000 ,2009/10/13,D,S,S,
13469 ,K31,30J3380-01 ,0102,4501249117,000010, 0.000 , 0.000 ,EA , 10.000 ,2009/03/25,D,S,I,
13469 ,K31,30J3380-01 ,0102,4501249117,000040, 0.000 , 0.000 ,EA , 20.000 ,2009/04/22,D,S,I,
13469 ,K31,30J3380-01 ,0102,4501249117,000050, 0.000 , 0.000 ,EA , 20.000 ,2009/05/12,D,S,I,
13469 ,K31,30J3380-01 ,0102,4501249117,000060, 0.000 , 0.000 ,EA , 11.000 ,2009/06/03,D,S,I,
13469 ,K31,30J3384-01 ,0102,4501249121,000010, 0.000 , 0.000 ,EA , 10.000 ,2009/03/25,D,S,I,
13469 ,K31,30J3384-01 ,0102,4501249121,000040, 0.000 , 0.000 ,EA , 20.000 ,2009/04/22,D,S,I,
13469 ,K31,30J3384-01 ,0102,4501249121,000050, 0.000 , 0.000 ,EA , 20.000 ,2009/05/12,D,S,I,
13469 ,K31,30J3384-01 ,0102,4501249121,000060, 0.000 , 0.000 ,EA , 11.000 ,2009/06/03,D,S,I,
13469 ,K31,30L0923-01 ,0001,FORECAST ,000000, 166.000 , 0.000 ,EA , 6.000 ,2010/05/01,Q,P,I,
13469 ,K31,30L0923-01 ,0001,FORECAST ,000000, 166.000 , 0.000 ,EA , 24.000 ,2010/08/01,Q,P,I,
13469 ,K31,30L0923-01 ,0001,FORECAST ,000000, 166.000 , 0.000 ,EA , 26.000 ,2010/11/01,Q,P,I,
13469 ,K31,30L0923-01 ,0001,FORECAST ,000000, 166.000 , 0.000 ,EA , 30.000 ,2011/02/01,Q,P,I,
13469 ,K31,30L0923-01 ,0001,FORECAST ,000000, 166.000 , 0.000 ,EA , 80.000 ,2011/04/30,A,P,I,
13469 ,K31,30L0925-01 ,0001,FORECAST ,000000, 165.000 , 0.000 ,EA , 5.000 ,2010/05/01,Q,P,I,
13469 ,K31,30L0925-01 ,0001,FORECAST ,000000, 165.000 , 0.000 ,EA , 24.000 ,2010/08/01,Q,P,I,
13469 ,K31,30L0925-01 ,0001,FORECAST ,000000, 165.000 , 0.000 ,EA , 26.000 ,2010/11/01,Q,P,I,
13469 ,K31,30L0925-01 ,0001,FORECAST ,000000, 165.000 , 0.000 ,EA , 30.000 ,2011/02/01,Q,P,I,
13469 ,K31,30L0925-01 ,0001,FORECAST ,000000, 165.000 , 0.000 ,EA , 80.000 ,2011/04/30,A,P,I,
13469 ,K31,30L0936-01 ,0001,4501275654,000010, 2.000 , 0.000 ,EA , 2.000 ,2009/04/07,D,S,I,
13469 ,K31,30L0936-01 ,0001,FORECAST ,000000, 186.000 , 0.000 ,EA , 2.000 ,2009/09/01,M,P,I,
13469 ,K31,30L0936-01 ,0001,FORECAST ,000000, 186.000 , 0.000 ,EA , 2.000 ,2009/11/01,M,P,I,
13469 ,K31,30L0936-01 ,0001,FORECAST ,000000, 186.000 , 0.000 ,EA , 2.000 ,2010/01/01,M,P,I,
13469 ,K31,30L0936-01 ,0001,FORECAST ,000000, 186.000 , 0.000 ,EA , 2.000 ,2010/02/01,M,P,I,
13469 ,K31,30L0936-01 ,0001,FORECAST ,000000, 186.000 , 0.000 ,EA , 4.000 ,2010/03/01,M,P,I,
13469 ,K31,30L0936-01 ,0001,FORECAST ,000000, 186.000 , 0.000 ,EA , 2.000 ,2010/04/01,M,P,I,
13469 ,K31,30L0936-01 ,0001,FORECAST ,000000, 186.000 , 0.000 ,EA , 12.000 ,2010/05/01,Q,P,I,
13469 ,K31,30L0936-01 ,0001,FORECAST ,000000, 186.000 , 0.000 ,EA , 24.000 ,2010/08/01,Q,P,I,
13469 ,K31,30L0936-01 ,0001,FORECAST ,000000, 186.000 , 0.000 ,EA , 26.000 ,2010/11/01,Q,P,I,
13469 ,K31,30L0936-01 ,0001,FORECAST ,000000, 186.000 , 0.000 ,EA , 30.000 ,2011/02/01,Q,P,I,
13469 ,K31,30L0936-01 ,0001,FORECAST ,000000, 186.000 , 0.000 ,EA , 80.000 ,2011/04/30,A,P,I,
13469 ,K31,30L0938-01 ,0001,FORECAST ,000000, 163.000 , 0.000 ,EA , 3.000 ,2010/05/01,Q,P,I,
13469 ,K31,30L0938-01 ,0001,FORECAST ,000000, 163.000 , 0.000 ,EA , 24.000 ,2010/08/01,Q,P,I,
13469 ,K31,30L0938-01 ,0001,FORECAST ,000000, 163.000 , 0.000 ,EA , 26.000 ,2010/11/01,Q,P,I,
13469 ,K31,30L0938-01 ,0001,FORECAST ,000000, 163.000 , 0.000 ,EA , 30.000 ,2011/02/01,Q,P,I,
13469 ,K31,30L0938-01 ,0001,FORECAST ,000000, 163.000 , 0.000 ,EA , 80.000 ,2011/04/30,A,P,I,
13469 ,K31,30L1011-01 ,0001,FORECAST ,000000, 163.000 , 0.000 ,EA , 3.000 ,2010/05/01,Q,P,I,
13469 ,K31,30L1011-01 ,0001,FORECAST ,000000, 163.000 , 0.000 ,EA , 24.000 ,2010/08/01,Q,P,I,
13469 ,K31,30L1011-01 ,0001,FORECAST ,000000, 163.000 , 0.000 ,EA , 26.000 ,2010/11/01,Q,P,I,
13469 ,K31,30L1011-01 ,0001,FORECAST ,000000, 163.000 , 0.000 ,EA , 30.000 ,2011/02/01,Q,P,I,
13469 ,K31,30L1011-01 ,0001,FORECAST ,000000, 163.000 , 0.000 ,EA , 80.000 ,2011/04/30,A,P,I,
13469 ,K31,30L1073-01 ,0001,4501228596,000010, 2.000 , 0.000 ,EA , 2.000 ,2009/11/12,D,S,I,
13469 ,K31,30L1073-01 ,0001,4501228596,000020, 26.000 , 1.000 ,EA , 3.000 ,2009/04/07,D,S,I,
13469 ,K31,30L1073-01 ,0001,4501228596,000020, 26.000 , 0.000 ,EA , 2.000 ,2009/09/10,D,S,I,
13469 ,K31,30L1073-01 ,0001,4501228596,000020, 26.000 , 0.000 ,EA , 2.000 ,2010/01/14,D,S,I,
13469 ,K31,30L1073-01 ,0001,4501228596,000020, 26.000 , 0.000 ,EA , 4.000 ,2010/02/15,D,S,I,
13469 ,K31,30L1073-01 ,0001,4501228596,000020, 26.000 , 0.000 ,EA , 14.000 ,2010/03/15,D,S,I,
13469 ,K31,30L1073-01 ,0001,FORECAST ,000000, 162.000 , 0.000 ,EA , 2.000 ,2010/05/01,Q,P,I,
13469 ,K31,30L1073-01 ,0001,FORECAST ,000000, 162.000 , 0.000 ,EA , 24.000 ,2010/08/01,Q,P,I,
13469 ,K31,30L1073-01 ,0001,FORECAST ,000000, 162.000 , 0.000 ,EA , 26.000 ,2010/11/01,Q,P,I,
13469 ,K31,30L1073-01 ,0001,FORECAST ,000000, 162.000 , 0.000 ,EA , 30.000 ,2011/02/01,Q,P,I,
13469 ,K31,30L1073-01 ,0001,FORECAST ,000000, 162.000 , 0.000 ,EA , 80.000 ,2011/04/30,A,P,I,
