Vendor  ,Buyer ,Material Number,Plant ,Doc Number,Item,Total Ordered ,Total Received,Unit ,Outstand Qty ,Stat Date ,Qual  ,S/P,Stat,Pull
719349 ,D02,3009652 ,0001,4502121322,000010, 1.000 , 0.000 ,EA , 1.000 ,2014/10/02,D,S,I,
719349 ,D02,000000000000000000000000000003009652 ,0001,4502121322,000010, 1.000 , 0.000 ,EA , 1.000 ,2014/10/02,D,S,I,
719349 ,D02,3016203 ,0001,4502121417,000010, 1.000 , 0.000 ,EA , 1.000 ,2014/10/09,D,S,I,
719349 ,D02,3035478 ,0001,4502121310,000010, 5.000 , 0.000 ,EA , 5.000 ,2014/09/28,D,S,I,
719349 ,D02,3035478 ,0001,4502121310,000020, 20.000 , 0.000 ,EA , 20.000 ,2015/01/10,D,S,I,
719349 ,D02,3044758-01 ,0001,4502144388,000010, 5.000 , 0.000 ,EA , 5.000 ,2014/10/15,D,S,I,
719349 ,D02,3044758-01 ,0001,4502144388,000020, 20.000 , 0.000 ,EA , 20.000 ,2014/12/15,D,S,I,
719349 ,D02,3045858-01 ,0001,4502121573,000010, 1.000 , 0.000 ,EA , 1.000 ,2014/11/16,D,S,I,
719349 ,D02,3045905-01 ,0001,4502119992,000010, 5.000 , 0.000 ,EA , 5.000 ,2014/10/23,D,S,I,
719349 ,D02,3045905-01 ,0001,4502119992,000020, 20.000 , 0.000 ,EA , 20.000 ,2015/01/09,D,S,I,
719349 ,D02,3054979-01 ,0001,4502124384,000010, 1.000 , 0.000 ,EA , 1.000 ,2014/11/09,D,S,I,
719349 ,D02,3058309-01 ,0001,4502121548,000010, 1.000 , 0.000 ,EA , 1.000 ,2014/11/03,D,S,I,
719349 ,D02,3059673-01 ,0001,4502121353,000010, 1.000 , 0.000 ,EA , 1.000 ,2014/10/02,D,S,I,
719349 ,D02,3059692-01 ,0001,4502121382,000010, 1.000 , 0.000 ,EA , 1.000 ,2014/10/09,D,S,I,
719349 ,D02,3072019-01 ,0001,4502121434,000010, 1.000 , 0.000 ,EA , 1.000 ,2014/10/09,D,S,I,
719349 ,D02,3076928-01 ,0001,4502121478,000010, 1.000 , 0.000 ,EA , 1.000 ,2014/10/23,D,S,I,
719349 ,D02,30B5349-01 ,0001,4502120721,000010, 5.000 , 0.000 ,EA , 5.000 ,2014/09/28,D,S,I,
719349 ,D02,30B5349-01 ,0001,4502120721,000020, 20.000 , 0.000 ,EA , 20.000 ,2015/01/10,D,S,I,
719349 ,D02,30C6218-01 ,0001,4502121475,000010, 1.000 , 0.000 ,EA , 1.000 ,2014/11/13,D,S,I,
719349 ,D02,30J1296CL46 ,0001,4502142906,000010, 1.000 , 0.000 ,EA , 1.000 ,2014/09/30,D,S,I,
719349 ,D02,30L1333-01 ,0001,4502121507,000010, 5.000 , 0.000 ,EA , 5.000 ,2014/10/27,D,S,I,
719349 ,D02,30L1333-01 ,0001,4502121507,000020, 20.000 , 0.000 ,EA , 20.000 ,2015/01/01,D,S,I,
719349 ,D02,30L1690-01 ,0001,4502121563,000010, 1.000 , 0.000 ,EA , 1.000 ,2014/11/09,D,S,I,
719349 ,D02,30L1761-01 ,0001,4502121497,000010, 1.000 , 0.000 ,EA , 1.000 ,2014/10/20,D,S,I,
719349 ,D02,30L1842-01 ,0001,4502121534,000010, 1.000 , 0.000 ,EA , 1.000 ,2014/10/27,D,S,I,
719349 ,D02,30L2081-01 ,0001,4502121486,000010, 1.000 , 0.000 ,EA , 1.000 ,2014/10/20,D,S,I,
719349 ,D02,30L2082-01 ,0001,4502121567,000010, 1.000 , 0.000 ,EA , 1.000 ,2014/11/09,D,S,I,
719349 ,D02,30P2327-01 ,0001,4502121552,000010, 1.000 , 0.000 ,EA , 1.000 ,2014/11/03,D,S,I,
719349 ,D02,3113546-01 ,0001,4502120662,000010, 5.000 , 0.000 ,EA , 5.000 ,2014/09/25,D,S,I,
719349 ,D02,3113546-01 ,0001,4502120662,000020, 20.000 , 0.000 ,EA , 20.000 ,2015/01/10,D,S,I,
719349 ,D02,3115487-01 ,0001,4502120735,000010, 5.000 , 0.000 ,EA , 5.000 ,2014/09/28,D,S,I,
719349 ,D02,3115487-01 ,0001,4502120735,000020, 20.000 , 0.000 ,EA , 20.000 ,2015/01/10,D,S,I,
719349 ,D02,31B4404-01 ,0001,4502121583,000010, 1.000 , 0.000 ,EA , 1.000 ,2014/11/16,D,S,I,
719349 ,D02,3902019-01 ,0001,4502121355,000010, 1.000 , 0.000 ,EA , 1.000 ,2014/10/02,D,S,I,
719349 ,D02,3902223-01 ,0001,4502124324,000010, 1.000 , 0.000 ,EA , 1.000 ,2014/10/16,D,S,I,
719349 ,D02,3902462-01 ,0001,4502120678,000010, 5.000 , 0.000 ,EA , 5.000 ,2014/09/25,D,S,I,
719349 ,D02,3902462-01 ,0001,4502120678,000020, 20.000 , 0.000 ,EA , 20.000 ,2014/11/15,D,S,I,
719349 ,D02,3902829-01 ,0001,4502121490,000010, 1.000 , 0.000 ,EA , 1.000 ,2014/10/20,D,S,I,
719349 ,D02,3910473-01 ,0001,4502121557,000010, 5.000 , 0.000 ,EA , 5.000 ,2014/11/03,D,S,I,
719349 ,D02,3910473-01 ,0001,4502121557,000020, 20.000 , 0.000 ,EA , 20.000 ,2014/11/03,D,S,I,
719349 ,D02,MD3066261 ,0001,4502121544,000010, 1.000 , 0.000 ,EA , 1.000 ,2014/10/27,D,S,I,
719349 ,D02,ST3268-076 ,0001,4502144402,000010, 1.000 , 0.000 ,EA , 1.000 ,2014/11/15,D,S,I,
719349 ,D06,3007101 ,0001,4502137875,000010, 1.000 , 0.000 ,EA , 1.000 ,2014/11/19,D,S,I,
719349 ,D06,3011071 ,0001,4502137865,000010, 1.000 , 0.000 ,EA , 1.000 ,2014/11/15,D,S,I,
719349 ,D06,3011185 ,0001,4502137893,000010, 1.000 , 0.000 ,EA , 1.000 ,2014/12/05,D,S,I,
719349 ,D06,3011838 ,0001,4502137868,000010, 1.000 , 0.000 ,EA , 1.000 ,2014/11/17,D,S,I,X
719349 ,D06,3011862 ,0001,4502148362,000010, 1.000 , 0.000 ,EA , 1.000 ,2015/05/15,D,S,A,
719349 ,D06,3017399 ,0001,4502137863,000010, 5.000 , 0.000 ,EA , 5.000 ,2014/11/11,D,S,I,
719349 ,D06,3017399 ,0001,4502137863,000020, 20.000 , 0.000 ,EA , 20.000 ,2014/12/21,D,S,I,
719349 ,D06,3018215 ,0001,4502147153,000010, 1.000 , 0.000 ,EA , 1.000 ,2015/01/18,D,S,A,
719349 ,D06,3022399 ,0001,4502137890,000010, 1.000 , 0.000 ,EA , 1.000 ,2014/12/03,D,S,I,
719349 ,D06,3024606 ,0001,4502137900,000010, 1.000 , 0.000 ,EA , 1.000 ,2014/12/11,D,S,I,
719349 ,D06,3026807 ,0001,4502137051,000010, 5.000 , 0.000 ,EA , 5.000 ,2014/10/04,D,S,I,
719349 ,D06,3026807 ,0001,4502137051,000020, 20.000 , 0.000 ,EA , 20.000 ,2014/11/13,D,S,I,
719349 ,D06,3034614 ,0001,4502147113,000010, 1.000 , 0.000 ,EA , 1.000 ,2014/12/28,D,S,A,
719349 ,D06,3045289-01 ,0001,4502147838,000010, 1.000 , 0.000 ,EA , 1.000 ,2015/07/02,D,S,A,
719349 ,D06,3045750-01 ,0001,4502137111,000010, 1.000 , 0.000 ,EA , 1.000 ,2014/10/10,D,S,I,
719349 ,D06,3045751-01 ,0001,4502137061,000010, 1.000 , 0.000 ,EA , 1.000 ,2014/10/08,D,S,I,
719349 ,D06,3046079-01 ,0001,4502147141,000010, 1.000 , 0.000 ,EA , 1.000 ,2015/01/12,D,S,A,
719349 ,D06,3047698-01 ,0001,4502137844,000010, 1.000 , 0.000 ,EA , 1.000 ,2014/10/18,D,S,I,
719349 ,D06,3047703-01 ,0001,4502147711,000010, 1.000 , 0.000 ,EA , 1.000 ,2015/04/30,D,S,A,
719349 ,D06,3048139-01 ,0001,4502137847,000010, 5.000 , 0.000 ,EA , 5.000 ,2014/10/20,D,S,I,
719349 ,D06,3048139-01 ,0001,4502137847,000020, 20.000 , 0.000 ,EA , 20.000 ,2014/11/29,D,S,I,
719349 ,D06,3048435-01 ,0001,4502148304,000010, 5.000 , 0.000 ,EA , 5.000 ,2014/12/19,D,S,A,
719349 ,D06,3048435-01 ,0001,4502148304,000020, 20.000 , 0.000 ,EA , 20.000 ,2015/02/15,D,S,A,
719349 ,D06,3048687-01 ,0001,4502137119,000010, 5.000 , 0.000 ,EA , 5.000 ,2014/10/12,D,S,I,
719349 ,D06,3048687-01 ,0001,4502137119,000020, 20.000 , 0.000 ,EA , 20.000 ,2014/11/21,D,S,I,
719349 ,D06,3052373CL52 ,0001,4502147068,000010, 1.000 , 0.000 ,EA , 1.000 ,2014/12/13,D,S,A,
719349 ,D06,3052384-01 ,0001,4502147173,000010, 1.000 , 0.000 ,EA , 1.000 ,2015/01/24,D,S,A,
719349 ,D06,3052405-01 ,0001,4502147204,000010, 1.000 , 0.000 ,EA , 1.000 ,2015/02/05,D,S,A,
719349 ,D06,3052572-01 ,0001,4502147218,000010, 1.000 , 0.000 ,EA , 1.000 ,2015/02/11,D,S,A,
719349 ,D06,3052613-01 ,0001,4502137888,000010, 1.000 , 0.000 ,EA , 1.000 ,2014/12/01,D,S,I,
719349 ,D06,3053885-01 ,0001,4502147898,000010, 1.000 , 0.000 ,EA , 1.000 ,2015/07/17,D,S,A,
719349 ,D06,3057357-01 ,0001,4502137933,000010, 1.000 , 0.000 ,EA , 1.000 ,2014/10/28,D,S,I,
719349 ,D06,3057364-01 ,0001,4502137940,000010, 1.000 , 0.000 ,EA , 1.000 ,2014/10/30,D,S,I,
719349 ,D06,3058916-01 ,0001,4502147682,000010, 1.000 , 0.000 ,EA , 1.000 ,2015/04/03,D,S,A,
719349 ,D06,3059080-01 ,0001,4502147685,000010, 1.000 , 0.000 ,EA , 1.000 ,2015/04/06,D,S,A,
719349 ,D06,3059470-01 ,0001,4502137882,000010, 1.000 , 0.000 ,EA , 1.000 ,2014/11/25,D,S,I,
719349 ,D06,3070199-01 ,0001,4502147859,000010, 1.000 , 0.000 ,EA , 1.000 ,2015/07/11,D,S,A,
719349 ,D06,3070492-01 ,0001,4502147385,000010, 1.000 , 0.000 ,EA , 1.000 ,2015/03/31,D,S,A,
719349 ,D06,3071058-01 ,0001,4502147762,000010, 1.000 , 0.000 ,EA , 1.000 ,2015/06/02,D,S,A,
719349 ,D06,3073408-01 ,0001,4502147179,000010, 1.000 , 0.000 ,EA , 1.000 ,2015/01/27,D,S,A,
719349 ,D06,3074789-01 ,0001,4502147823,000010, 1.000 , 0.000 ,EA , 1.000 ,2015/06/20,D,S,A,
719349 ,D06,3074912-01 ,0001,4502137041,000010, 5.000 , 0.000 ,EA , 5.000 ,2014/10/02,D,S,I,
719349 ,D06,3074912-01 ,0001,4502137041,000020, 20.000 , 0.000 ,EA , 20.000 ,2014/11/11,D,S,I,
719349 ,D06,3075567-01 ,0001,4502147907,000010, 1.000 , 0.000 ,EA , 1.000 ,2015/07/29,D,S,A,
719349 ,D06,3076203-01 ,0001,4502147763,000010, 1.000 , 0.000 ,EA , 1.000 ,2015/06/05,D,S,A,
719349 ,D06,3076204-01 ,0001,4502147765,000010, 1.000 , 0.000 ,EA , 1.000 ,2015/06/11,D,S,A,
719349 ,D06,3076206-01 ,0001,4502147779,000010, 1.000 , 0.000 ,EA , 1.000 ,2015/06/17,D,S,A,
719349 ,D06,3076857-01 ,0001,4502137852,000010, 5.000 , 0.000 ,EA , 5.000 ,2014/10/26,D,S,I,
719349 ,D06,3076857-01 ,0001,4502137852,000020, 20.000 , 0.000 ,EA , 20.000 ,2014/12/05,D,S,I,
719349 ,D06,30B2905-01 ,0001,4502147313,000010, 1.000 , 0.000 ,EA , 1.000 ,2015/02/17,D,S,A,
719349 ,D06,30C3442-01 ,0001,4502147690,000010, 1.000 , 0.000 ,EA , 1.000 ,2015/04/12,D,S,A,
719349 ,D06,30C4421-01 ,0001,4502137848,000010, 1.000 , 0.000 ,EA , 1.000 ,2014/10/22,D,S,I,
719349 ,D06,30C6156-01 ,0001,4502137920,000010, 1.000 , 0.000 ,EA , 1.000 ,2014/12/25,D,S,I,
719349 ,D06,30J1602-01 ,0001,4502147769,000010, 1.000 , 0.000 ,EA , 1.000 ,2015/06/14,D,S,A,
719349 ,D06,30L1193-01 ,0001,4502147194,000010, 1.000 , 0.000 ,EA , 1.000 ,2015/02/02,D,S,A,
719349 ,D06,30L1635-01 ,0001,4502147148,000010, 1.000 , 0.000 ,EA , 1.000 ,2015/01/15,D,S,A,
719349 ,D06,30L1636-01 ,0001,4502137886,000010, 1.000 , 0.000 ,EA , 1.000 ,2014/11/29,D,S,I,
719349 ,D06,30L1707-01 ,0001,4502147168,000010, 1.000 , 0.000 ,EA , 1.000 ,2015/01/21,D,S,A,
719349 ,D06,30P1311-01 ,0001,4502147245,000010, 1.000 , 0.000 ,EA , 1.000 ,2015/02/14,D,S,A,
719349 ,D06,30P1944-01 ,0001,4502137843,000010, 5.000 , 0.000 ,EA , 5.000 ,2014/10/16,D,S,I,
719349 ,D06,30P1944-01 ,0001,4502137843,000020, 20.000 , 0.000 ,EA , 20.000 ,2014/11/25,D,S,I,
719349 ,D06,30P2229-01 ,0001,4502137035,000010, 5.000 , 0.000 ,EA , 5.000 ,2014/09/30,D,S,I,
719349 ,D06,30P2229-01 ,0001,4502137035,000020, 20.000 , 0.000 ,EA , 20.000 ,2014/11/09,D,S,I,
719349 ,D06,30P2267-01 ,0001,4502147322,000010, 1.000 , 0.000 ,EA , 1.000 ,2015/02/20,D,S,A,
719349 ,D06,30P2334-01 ,0001,4502147361,000010, 1.000 , 0.000 ,EA , 1.000 ,2015/03/07,D,S,A,
719349 ,D06,30P2434-01 ,0001,4502137880,000010, 1.000 , 0.000 ,EA , 1.000 ,2014/11/23,D,S,I,
719349 ,D06,30P3115-01 ,0001,4502147376,000010, 1.000 , 0.000 ,EA , 1.000 ,2015/03/19,D,S,A,
719349 ,D06,3102974-01 ,0001,4502147844,000010, 1.000 , 0.000 ,EA , 1.000 ,2015/07/05,D,S,A,
719349 ,D06,3103739-01 ,0001,4502147054,000010, 1.000 , 0.000 ,EA , 1.000 ,2014/12/10,D,S,A,
719349 ,D06,3104965-01 ,0001,4502147049,000010, 1.000 , 0.000 ,EA , 1.000 ,2014/12/07,D,S,A,
719349 ,D06,3105354-01 ,0001,4502147902,000010, 1.000 , 0.000 ,EA , 1.000 ,2015/07/23,D,S,A,
719349 ,D06,3105996-01 ,0001,4502147923,000010, 1.000 , 0.000 ,EA , 1.000 ,2015/08/04,D,S,A,
719349 ,D06,3106839-01 ,0001,4502137927,000010, 15.000 , 0.000 ,EA , 15.000 ,2014/12/23,D,S,I,X
719349 ,D06,3106839-01 ,0001,4502137927,000020, 30.000 , 0.000 ,EA , 30.000 ,2015/02/01,D,S,I,X
719349 ,D06,3107115-01 ,0001,4502147117,000010, 1.000 , 0.000 ,EA , 1.000 ,2015/01/03,D,S,A,
719349 ,D06,3107146-01 ,0001,4502137898,000010, 1.000 , 0.000 ,EA , 1.000 ,2014/12/09,D,S,I,
719349 ,D06,3108054-01 ,0001,4502137877,000010, 1.000 , 0.000 ,EA , 1.000 ,2014/11/21,D,S,I,
719349 ,D06,3108251-01 ,0001,4502147381,000010, 1.000 , 0.000 ,EA , 1.000 ,2015/03/25,D,S,A,
719349 ,D06,3112038-01 ,0001,4502137924,000010, 1.000 , 0.000 ,EA , 1.000 ,2014/12/27,D,S,I,
719349 ,D06,3112993-01 ,0001,4502147927,000010, 1.000 , 0.000 ,EA , 1.000 ,2015/08/07,D,S,A,
719349 ,D06,3113096-01 ,0001,4502147114,000010, 1.000 , 0.000 ,EA , 1.000 ,2014/12/31,D,S,A,
719349 ,D06,3113263-02 ,0001,4502137960,000010, 5.000 , 0.000 ,EA , 5.000 ,2014/11/05,D,S,I,
719349 ,D06,3113263-02 ,0001,4502137960,000020, 20.000 , 0.000 ,EA , 20.000 ,2014/12/15,D,S,I,
719349 ,D06,3113558-01 ,0001,4502147100,000010, 1.000 , 0.000 ,EA , 1.000 ,2014/12/22,D,S,A,
719349 ,D06,3115572-01 ,0001,4502147708,000010, 1.000 , 0.000 ,EA , 1.000 ,2015/04/27,D,S,A,
719349 ,D06,3116173-01 ,0001,4502147716,000010, 1.000 , 0.000 ,EA , 1.000 ,2015/05/09,D,S,A,
719349 ,D06,3116239-01 ,0001,4502147124,000010, 1.000 , 0.000 ,EA , 1.000 ,2015/01/09,D,S,A,
719349 ,D06,3116527-01 ,0001,4502137901,000010, 1.000 , 0.000 ,EA , 1.000 ,2014/12/13,D,S,I,
719349 ,D06,3116794-01 ,0001,4502137895,000010, 1.000 , 0.000 ,EA , 1.000 ,2014/12/07,D,S,I,X
719349 ,D06,3120088-01 ,0001,4502147371,000010, 1.000 , 0.000 ,EA , 1.000 ,2015/03/13,D,S,A,
719349 ,D06,3121033-01 ,0001,4502147073,000010, 1.000 , 0.000 ,EA , 1.000 ,2014/12/16,D,S,A,
719349 ,D06,3122664-01 ,0001,4502137857,000010, 1.000 , 0.000 ,EA , 1.000 ,2014/11/03,D,S,I,
719349 ,D06,31B1503-01 ,0001,4502137861,000010, 5.000 , 0.000 ,EA , 5.000 ,2014/11/09,D,S,I,
719349 ,D06,31B1503-01 ,0001,4502137861,000020, 20.000 , 0.000 ,EA , 20.000 ,2014/12/19,D,S,I,
719349 ,D06,31B1651-01 ,0001,4502147687,000010, 1.000 , 0.000 ,EA , 1.000 ,2015/04/09,D,S,A,
719349 ,D06,31B1979-01 ,0001,4502147383,000010, 1.000 , 0.000 ,EA , 1.000 ,2015/03/28,D,S,A,
719349 ,D06,31B4201-01 ,0001,4502137854,000010, 1.000 , 0.000 ,EA , 1.000 ,2014/11/01,D,S,I,
719349 ,D06,31J1370-01 ,0001,4502147829,000010, 1.000 , 0.000 ,EA , 1.000 ,2015/06/23,D,S,A,
719349 ,D06,31J1460-01 ,0001,4502147759,000010, 1.000 , 0.000 ,EA , 1.000 ,2015/05/27,D,S,A,
719349 ,D06,31J2306-01 ,0001,4502137883,000010, 1.000 , 0.000 ,EA , 1.000 ,2014/11/27,D,S,I,
719349 ,D06,31J2674-01 ,0001,4502147701,000010, 1.000 , 0.000 ,EA , 1.000 ,2015/04/24,D,S,A,
719349 ,D06,31J2918-01 ,0001,4502147832,000010, 1.000 , 0.000 ,EA , 1.000 ,2015/06/26,D,S,A,
719349 ,D06,35C2151-01 ,0001,4502137842,000010, 5.000 , 0.000 ,EA , 5.000 ,2014/10/14,D,S,I,
719349 ,D06,35C2151-01 ,0001,4502137842,000020, 20.000 , 0.000 ,EA , 20.000 ,2014/11/23,D,S,I,
719349 ,D06,35C3666-01 ,0001,4502147109,000010, 1.000 , 0.000 ,EA , 1.000 ,2014/10/25,D,S,A,
719349 ,D06,3910329-01 ,0001,4502147739,000010, 1.000 , 0.000 ,EA , 1.000 ,2015/05/21,D,S,A,
719349 ,D06,3911029-01 ,0001,4502137916,000010, 1.000 , 0.000 ,EA , 1.000 ,2014/12/17,D,S,I,
719349 ,D06,3911441-01 ,0001,4502147916,000010, 1.000 , 0.000 ,EA , 1.000 ,2015/08/01,D,S,A,
719349 ,D06,F7XC210910011A1 ,0001,4502147693,000010, 1.000 , 0.000 ,EA , 1.000 ,2015/04/15,D,S,A,
719349 ,D06,MD3065961 ,0001,4502147119,000010, 1.000 , 0.000 ,EA , 1.000 ,2015/01/06,D,S,A,
719349 ,D06,ST3045-04 ,0001,4502137864,000010, 1.000 , 0.000 ,EA , 1.000 ,2014/11/13,D,S,I,
719349 ,D06,ST3045-06 ,0001,4502147045,000010, 1.000 , 0.000 ,EA , 1.000 ,2014/12/04,D,S,A,X
719349 ,D06,ST3188-06 ,0001,4502137904,000010, 1.000 , 0.000 ,EA , 1.000 ,2014/12/15,D,S,I,X
719349 ,D06,ST3317-01 ,0001,4502137918,000010, 1.000 , 0.000 ,EA , 1.000 ,2014/12/21,D,S,I,X
719349 ,D06,ST6108-01 ,0001,4502147332,000010, 1.000 , 0.000 ,EA , 1.000 ,2015/02/23,D,S,A,
719349 ,D06,ST6111-01 ,0001,4502137055,000010, 5.000 , 0.000 ,EA , 5.000 ,2014/10/06,D,S,I,
719349 ,D06,ST6111-01 ,0001,4502137055,000020, 20.000 , 0.000 ,EA , 20.000 ,2014/11/15,D,S,I,
719349 ,D06,ST6222-01 ,0001,4502147744,000010, 1.000 , 0.000 ,EA , 1.000 ,2015/05/24,D,S,A,
719349 ,D06,ST6304-01 ,0001,4502137859,000010, 5.000 , 0.000 ,EA , 5.000 ,2014/09/15,D,S,I,
719349 ,D06,ST6304-01 ,0001,4502137859,000020, 20.000 , 0.000 ,EA , 20.000 ,2014/11/01,D,S,I,
719349 ,D20,01AMS6414 005 ,0102,4502125735,000080, 39.250 , 0.000 ,IN , 39.250 ,2014/09/21,D,S,I,
719349 ,D20,01XTSD142200 ,0102,4502125735,000050, 1.000 , 0.000 ,EA , 1.000 ,2014/09/05,D,S,I,
719349 ,D20,01XTSD142201 ,0102,4502125735,000060, 2.000 , 0.000 ,EA , 2.000 ,2014/09/05,D,S,I,
719349 ,D20,01XTSD142203 ,0102,4502125735,000070, 1.000 , 0.000 ,EA , 1.000 ,2014/09/25,D,S,I,
719349 ,D20,3007389 ,0001,FORECAST ,000000, 1318.000 , 0.000 ,EA , 50.000 ,2015/02/01,M,P,I,
719349 ,D20,3007389 ,0001,FORECAST ,000000, 1318.000 , 0.000 ,EA , 50.000 ,2015/03/01,M,P,I,
719349 ,D20,3007389 ,0001,FORECAST ,000000, 1318.000 , 0.000 ,EA , 50.000 ,2015/04/01,M,P,I,
719349 ,D20,3007389 ,0001,FORECAST ,000000, 1318.000 , 0.000 ,EA , 50.000 ,2015/06/01,M,P,I,
719349 ,D20,3007389 ,0001,FORECAST ,000000, 1318.000 , 0.000 ,EA , 50.000 ,2015/07/01,M,P,I,
719349 ,D20,3007389 ,0001,FORECAST ,000000, 1318.000 , 0.000 ,EA , 50.000 ,2015/08/01,M,P,I,
719349 ,D20,3007389 ,0001,FORECAST ,000000, 1318.000 , 0.000 ,EA , 50.000 ,2015/09/01,M,P,I,
719349 ,D20,3007389 ,0001,FORECAST ,000000, 1318.000 , 0.000 ,EA , 50.000 ,2015/10/01,M,P,I,
719349 ,D20,3007389 ,0001,FORECAST ,000000, 1318.000 , 0.000 ,EA , 46.000 ,2015/11/01,Q,P,I,
719349 ,D20,3007389 ,0001,FORECAST ,000000, 1318.000 , 0.000 ,EA , 109.000 ,2016/02/01,Q,P,I,
719349 ,D20,3007389 ,0001,FORECAST ,000000, 1318.000 , 0.000 ,EA , 107.000 ,2016/05/01,Q,P,I,
719349 ,D20,3007389 ,0001,FORECAST ,000000, 1318.000 , 0.000 ,EA , 137.000 ,2016/08/01,Q,P,I,
719349 ,D20,3007389 ,0001,FORECAST ,000000, 1318.000 , 0.000 ,EA , 446.000 ,2016/10/31,A,P,I,
719349 ,D20,3007389 ,0001,FORECAST ,000000, 1318.000 , 0.000 ,EA , 73.000 ,2017/10/31,A,P,I,
719349 ,D20,3079130-04 ,0102,4502092380,000010, 10.000 , 9.000 ,EA , 1.000 ,2014/09/25,D,S,I,
719349 ,D20,3079603-01 ,0102,4502131087,000010, 10.000 , 0.000 ,EA , 10.000 ,2014/09/26,D,S,I,
719349 ,D20,3079640-01 ,0102,4502141922,000010, 10.000 , 0.000 ,EA , 10.000 ,2014/11/04,D,S,I,
719349 ,D20,TSD142200 ,0102,4502125735,000010, 3.000 , 0.000 ,EA , 3.000 ,2014/09/05,D,S,I,
719349 ,D20,TSD142201 ,0102,4502125735,000020, 6.000 , 0.000 ,EA , 6.000 ,2014/09/05,D,S,I,
719349 ,D20,TSD142203 ,0102,4502125735,000030, 3.000 , 0.000 ,EA , 3.000 ,2014/09/25,D,S,I,
719349 ,XU9,33B2583 ,0001,FORECAST ,000000, 20.000 , 0.000 ,EA , 2.000 ,2015/08/01,M,P,I,
719349 ,XU9,33B2583 ,0001,FORECAST ,000000, 20.000 , 0.000 ,EA , 2.000 ,2015/09/01,M,P,I,
719349 ,XU9,33B2583 ,0001,FORECAST ,000000, 20.000 , 0.000 ,EA , 2.000 ,2015/10/01,M,P,I,
719349 ,XU9,33B2583 ,0001,FORECAST ,000000, 20.000 , 0.000 ,EA , 7.000 ,2015/11/01,Q,P,I,
719349 ,XU9,33B2583 ,0001,FORECAST ,000000, 20.000 , 0.000 ,EA , 7.000 ,2016/02/01,Q,P,I,
719349 ,XU9,33B2584 ,0001,FORECAST ,000000, 20.000 , 0.000 ,EA , 2.000 ,2015/08/01,M,P,I,
719349 ,XU9,33B2584 ,0001,FORECAST ,000000, 20.000 , 0.000 ,EA , 2.000 ,2015/09/01,M,P,I,
719349 ,XU9,33B2584 ,0001,FORECAST ,000000, 20.000 , 0.000 ,EA , 2.000 ,2015/10/01,M,P,I,
719349 ,XU9,33B2584 ,0001,FORECAST ,000000, 20.000 , 0.000 ,EA , 7.000 ,2015/11/01,Q,P,I,
719349 ,XU9,33B2584 ,0001,FORECAST ,000000, 20.000 , 0.000 ,EA , 7.000 ,2016/02/01,Q,P,I,
719349 ,XU9,33B3254 ,0001,FORECAST ,000000, 143.000 , 0.000 ,EA , 5.000 ,2015/06/01,M,P,I,
719349 ,XU9,33B3254 ,0001,FORECAST ,000000, 143.000 , 0.000 ,EA , 18.000 ,2015/07/01,M,P,I,
719349 ,XU9,33B3254 ,0001,FORECAST ,000000, 143.000 , 0.000 ,EA , 12.000 ,2015/08/01,M,P,I,
719349 ,XU9,33B3254 ,0001,FORECAST ,000000, 143.000 , 0.000 ,EA , 12.000 ,2015/09/01,M,P,I,
719349 ,XU9,33B3254 ,0001,FORECAST ,000000, 143.000 , 0.000 ,EA , 12.000 ,2015/10/01,M,P,I,
719349 ,XU9,33B3254 ,0001,FORECAST ,000000, 143.000 , 0.000 ,EA , 42.000 ,2015/11/01,Q,P,I,
719349 ,XU9,33B3254 ,0001,FORECAST ,000000, 143.000 , 0.000 ,EA , 42.000 ,2016/02/01,Q,P,I,
719349 ,XU9,33B3458 ,0102,4502148968,000010, 1.000 , 0.000 ,EA , 1.000 ,2014/09/15,D,S,A,
719349 ,XU9,33B4435 ,0001,FORECAST ,000000, 10.000 , 0.000 ,EA , 3.000 ,2015/11/01,Q,P,I,
719349 ,XU9,33B4435 ,0001,FORECAST ,000000, 10.000 , 0.000 ,EA , 7.000 ,2016/02/01,Q,P,I,
719349 ,XU9,33B4464 ,0001,FORECAST ,000000, 17.000 , 0.000 ,EA , 1.000 ,2015/09/01,M,P,I,
719349 ,XU9,33B4464 ,0001,FORECAST ,000000, 17.000 , 0.000 ,EA , 2.000 ,2015/10/01,M,P,I,
719349 ,XU9,33B4464 ,0001,FORECAST ,000000, 17.000 , 0.000 ,EA , 7.000 ,2015/11/01,Q,P,I,
719349 ,XU9,33B4464 ,0001,FORECAST ,000000, 17.000 , 0.000 ,EA , 7.000 ,2016/02/01,Q,P,I,
719349 ,XU9,33B4484 ,0001,FORECAST ,000000, 52.000 , 0.000 ,EA , 2.000 ,2015/05/01,M,P,I,
719349 ,XU9,33B4484 ,0001,FORECAST ,000000, 52.000 , 0.000 ,EA , 4.000 ,2015/06/01,M,P,I,
719349 ,XU9,33B4484 ,0001,FORECAST ,000000, 52.000 , 0.000 ,EA , 6.000 ,2015/07/01,M,P,I,
719349 ,XU9,33B4484 ,0001,FORECAST ,000000, 52.000 , 0.000 ,EA , 4.000 ,2015/08/01,M,P,I,
719349 ,XU9,33B4484 ,0001,FORECAST ,000000, 52.000 , 0.000 ,EA , 4.000 ,2015/09/01,M,P,I,
719349 ,XU9,33B4484 ,0001,FORECAST ,000000, 52.000 , 0.000 ,EA , 4.000 ,2015/10/01,M,P,I,
719349 ,XU9,33B4484 ,0001,FORECAST ,000000, 52.000 , 0.000 ,EA , 14.000 ,2015/11/01,Q,P,I,
719349 ,XU9,33B4484 ,0001,FORECAST ,000000, 52.000 , 0.000 ,EA , 14.000 ,2016/02/01,Q,P,I,
719349 ,XU9,33B4666 ,0001,4502138724,000010, 10.000 , 0.000 ,EA , 10.000 ,2014/10/14,D,S,I,
719349 ,XU9,33B4666 ,0001,FORECAST ,000000, 25.000 , 0.000 ,EA , 1.000 ,2015/02/01,M,P,I,
719349 ,XU9,33B4666 ,0001,FORECAST ,000000, 25.000 , 0.000 ,EA , 3.000 ,2015/03/01,M,P,I,
719349 ,XU9,33B4666 ,0001,FORECAST ,000000, 25.000 , 0.000 ,EA , 2.000 ,2015/04/01,M,P,I,
719349 ,XU9,33B4666 ,0001,FORECAST ,000000, 25.000 , 0.000 ,EA , 2.000 ,2015/05/01,M,P,I,
719349 ,XU9,33B4666 ,0001,FORECAST ,000000, 25.000 , 0.000 ,EA , 2.000 ,2015/06/01,M,P,I,
719349 ,XU9,33B4666 ,0001,FORECAST ,000000, 25.000 , 0.000 ,EA , 4.000 ,2015/07/01,M,P,I,
719349 ,XU9,33B4666 ,0001,FORECAST ,000000, 25.000 , 0.000 ,EA , 3.000 ,2015/08/01,M,P,I,
719349 ,XU9,33B4666 ,0001,FORECAST ,000000, 25.000 , 0.000 ,EA , 4.000 ,2015/10/01,M,P,I,
719349 ,XU9,33B4666 ,0001,FORECAST ,000000, 25.000 , 0.000 ,EA , 4.000 ,2015/11/01,Q,P,I,
719349 ,XU9,33B4666 ,0102,4502127589,000030, 10.000 , 0.000 ,EA , 10.000 ,2014/09/15,D,S,I,
719349 ,XU9,33B4667 ,0001,4502138726,000010, 10.000 , 0.000 ,EA , 10.000 ,2014/10/14,D,S,I,
719349 ,XU9,33B4667 ,0001,FORECAST ,000000, 25.000 , 0.000 ,EA , 1.000 ,2015/02/01,M,P,I,
719349 ,XU9,33B4667 ,0001,FORECAST ,000000, 25.000 , 0.000 ,EA , 3.000 ,2015/03/01,M,P,I,
719349 ,XU9,33B4667 ,0001,FORECAST ,000000, 25.000 , 0.000 ,EA , 2.000 ,2015/04/01,M,P,I,
719349 ,XU9,33B4667 ,0001,FORECAST ,000000, 25.000 , 0.000 ,EA , 2.000 ,2015/05/01,M,P,I,
719349 ,XU9,33B4667 ,0001,FORECAST ,000000, 25.000 , 0.000 ,EA , 2.000 ,2015/06/01,M,P,I,
719349 ,XU9,33B4667 ,0001,FORECAST ,000000, 25.000 , 0.000 ,EA , 4.000 ,2015/07/01,M,P,I,
719349 ,XU9,33B4667 ,0001,FORECAST ,000000, 25.000 , 0.000 ,EA , 3.000 ,2015/08/01,M,P,I,
719349 ,XU9,33B4667 ,0001,FORECAST ,000000, 25.000 , 0.000 ,EA , 4.000 ,2015/10/01,M,P,I,
719349 ,XU9,33B4667 ,0001,FORECAST ,000000, 25.000 , 0.000 ,EA , 4.000 ,2015/11/01,Q,P,I,
719349 ,XU9,33B4667 ,0102,4502127588,000030, 10.000 , 0.000 ,EA , 10.000 ,2014/09/15,D,S,I,
719349 ,XU9,33B4668 ,0001,4502138739,000010, 10.000 , 0.000 ,EA , 10.000 ,2014/10/14,D,S,I,
719349 ,XU9,33B4668 ,0001,FORECAST ,000000, 25.000 , 0.000 ,EA , 1.000 ,2015/02/01,M,P,I,
719349 ,XU9,33B4668 ,0001,FORECAST ,000000, 25.000 , 0.000 ,EA , 3.000 ,2015/03/01,M,P,I,
719349 ,XU9,33B4668 ,0001,FORECAST ,000000, 25.000 , 0.000 ,EA , 2.000 ,2015/04/01,M,P,I,
719349 ,XU9,33B4668 ,0001,FORECAST ,000000, 25.000 , 0.000 ,EA , 2.000 ,2015/05/01,M,P,I,
719349 ,XU9,33B4668 ,0001,FORECAST ,000000, 25.000 , 0.000 ,EA , 2.000 ,2015/06/01,M,P,I,
719349 ,XU9,33B4668 ,0001,FORECAST ,000000, 25.000 , 0.000 ,EA , 4.000 ,2015/07/01,M,P,I,
719349 ,XU9,33B4668 ,0001,FORECAST ,000000, 25.000 , 0.000 ,EA , 3.000 ,2015/08/01,M,P,I,
719349 ,XU9,33B4668 ,0001,FORECAST ,000000, 25.000 , 0.000 ,EA , 4.000 ,2015/10/01,M,P,I,
719349 ,XU9,33B4668 ,0001,FORECAST ,000000, 25.000 , 0.000 ,EA , 4.000 ,2015/11/01,Q,P,I,
719349 ,XU9,33B4668 ,0102,4502127580,000030, 10.000 , 0.000 ,EA , 10.000 ,2014/09/15,D,S,I,
